cell_type,current_sp,time,current,voltage
Samsung INR21700-40T A,21,2019-11-30T20:49:11.623051,0.07,4.155
Samsung INR21700-40T A,21,2019-11-30T20:49:12.286497,0.07,4.155
Samsung INR21700-40T A,21,2019-11-30T20:49:12.961496,0.07,4.155
Samsung INR21700-40T A,21,2019-11-30T20:49:13.606106,0.07,4.155
Samsung INR21700-40T A,21,2019-11-30T20:49:14.244182,0.07,4.155
Samsung INR21700-40T A,21,2019-11-30T20:49:14.987370,21.06,3.873
Samsung INR21700-40T A,21,2019-11-30T20:49:15.611289,21.06,3.84
Samsung INR21700-40T A,21,2019-11-30T20:49:16.262119,21.06,3.823
Samsung INR21700-40T A,21,2019-11-30T20:49:16.876828,21.06,3.823
Samsung INR21700-40T A,21,2019-11-30T20:49:17.490519,21.06,3.807
Samsung INR21700-40T A,21,2019-11-30T20:49:18.095814,21.06,3.807
Samsung INR21700-40T A,21,2019-11-30T20:49:18.732135,21.06,3.79
Samsung INR21700-40T A,21,2019-11-30T20:49:19.327328,21.06,3.79
Samsung INR21700-40T A,21,2019-11-30T20:49:19.922834,21.06,3.79
Samsung INR21700-40T A,21,2019-11-30T20:49:20.524894,21.06,3.79
Samsung INR21700-40T A,21,2019-11-30T20:49:21.134097,21.06,3.774
Samsung INR21700-40T A,21,2019-11-30T20:49:21.741768,21.06,3.774
Samsung INR21700-40T A,21,2019-11-30T20:49:22.349906,21.06,3.774
Samsung INR21700-40T A,21,2019-11-30T20:49:22.959391,21.06,3.774
Samsung INR21700-40T A,21,2019-11-30T20:49:23.566532,21.06,3.774
Samsung INR21700-40T A,21,2019-11-30T20:49:24.206007,21.06,3.757
Samsung INR21700-40T A,21,2019-11-30T20:49:24.800690,21.06,3.757
Samsung INR21700-40T A,21,2019-11-30T20:49:25.401221,21.06,3.757
Samsung INR21700-40T A,21,2019-11-30T20:49:25.994796,21.06,3.757
Samsung INR21700-40T A,21,2019-11-30T20:49:26.610988,21.06,3.757
Samsung INR21700-40T A,21,2019-11-30T20:49:27.211800,21.06,3.757
Samsung INR21700-40T A,21,2019-11-30T20:49:27.850338,21.06,3.74
Samsung INR21700-40T A,21,2019-11-30T20:49:28.443435,21.06,3.74
Samsung INR21700-40T A,21,2019-11-30T20:49:29.036318,21.06,3.74
Samsung INR21700-40T A,21,2019-11-30T20:49:29.643509,21.06,3.74
Samsung INR21700-40T A,21,2019-11-30T20:49:30.250917,21.06,3.74
Samsung INR21700-40T A,21,2019-11-30T20:49:30.859374,21.06,3.74
Samsung INR21700-40T A,21,2019-11-30T20:49:31.473718,21.06,3.74
Samsung INR21700-40T A,21,2019-11-30T20:49:32.081409,21.06,3.74
Samsung INR21700-40T A,21,2019-11-30T20:49:32.688090,21.06,3.74
Samsung INR21700-40T A,21,2019-11-30T20:49:33.294644,21.06,3.74
Samsung INR21700-40T A,21,2019-11-30T20:49:33.931763,21.06,3.724
Samsung INR21700-40T A,21,2019-11-30T20:49:34.532005,21.06,3.724
Samsung INR21700-40T A,21,2019-11-30T20:49:35.130414,21.06,3.724
Samsung INR21700-40T A,21,2019-11-30T20:49:35.729171,21.06,3.724
Samsung INR21700-40T A,21,2019-11-30T20:49:36.337302,21.06,3.724
Samsung INR21700-40T A,21,2019-11-30T20:49:36.944975,21.06,3.724
Samsung INR21700-40T A,21,2019-11-30T20:49:37.551571,21.06,3.724
Samsung INR21700-40T A,21,2019-11-30T20:49:38.159329,21.06,3.724
Samsung INR21700-40T A,21,2019-11-30T20:49:38.768682,21.06,3.724
Samsung INR21700-40T A,21,2019-11-30T20:49:39.375405,21.06,3.724
Samsung INR21700-40T A,21,2019-11-30T20:49:39.989618,21.06,3.724
Samsung INR21700-40T A,21,2019-11-30T20:49:40.597048,21.06,3.724
Samsung INR21700-40T A,21,2019-11-30T20:49:41.204195,21.06,3.724
Samsung INR21700-40T A,21,2019-11-30T20:49:41.810888,21.06,3.724
Samsung INR21700-40T A,21,2019-11-30T20:49:42.446885,21.06,3.707
Samsung INR21700-40T A,21,2019-11-30T20:49:43.039222,21.06,3.707
Samsung INR21700-40T A,21,2019-11-30T20:49:43.637265,21.06,3.707
Samsung INR21700-40T A,21,2019-11-30T20:49:44.242313,21.06,3.707
Samsung INR21700-40T A,21,2019-11-30T20:49:44.855334,21.06,3.707
Samsung INR21700-40T A,21,2019-11-30T20:49:45.466506,21.06,3.707
Samsung INR21700-40T A,21,2019-11-30T20:49:46.072251,21.06,3.707
Samsung INR21700-40T A,21,2019-11-30T20:49:46.680127,21.06,3.707
Samsung INR21700-40T A,21,2019-11-30T20:49:47.286260,21.06,3.707
Samsung INR21700-40T A,21,2019-11-30T20:49:47.899397,21.06,3.707
Samsung INR21700-40T A,21,2019-11-30T20:49:48.504161,21.06,3.707
Samsung INR21700-40T A,21,2019-11-30T20:49:49.109569,21.06,3.707
Samsung INR21700-40T A,21,2019-11-30T20:49:49.722797,21.06,3.707
Samsung INR21700-40T A,21,2019-11-30T20:49:50.335291,21.06,3.707
Samsung INR21700-40T A,21,2019-11-30T20:49:50.942371,21.06,3.707
Samsung INR21700-40T A,21,2019-11-30T20:49:51.546558,21.06,3.707
Samsung INR21700-40T A,21,2019-11-30T20:49:52.150479,21.06,3.707
Samsung INR21700-40T A,21,2019-11-30T20:49:52.757129,21.06,3.707
Samsung INR21700-40T A,21,2019-11-30T20:49:53.363007,21.06,3.707
Samsung INR21700-40T A,21,2019-11-30T20:49:53.970401,21.06,3.691
Samsung INR21700-40T A,21,2019-11-30T20:49:54.578791,21.06,3.691
Samsung INR21700-40T A,21,2019-11-30T20:49:55.193132,21.06,3.691
Samsung INR21700-40T A,21,2019-11-30T20:49:55.799091,21.06,3.691
Samsung INR21700-40T A,21,2019-11-30T20:49:56.412833,21.06,3.691
Samsung INR21700-40T A,21,2019-11-30T20:49:57.019621,21.06,3.691
Samsung INR21700-40T A,21,2019-11-30T20:49:57.633424,21.06,3.691
Samsung INR21700-40T A,21,2019-11-30T20:49:58.239332,21.06,3.691
Samsung INR21700-40T A,21,2019-11-30T20:49:58.846646,21.06,3.691
Samsung INR21700-40T A,21,2019-11-30T20:49:59.451868,21.06,3.691
Samsung INR21700-40T A,21,2019-11-30T20:50:00.064558,21.06,3.691
Samsung INR21700-40T A,21,2019-11-30T20:50:00.672716,21.06,3.691
Samsung INR21700-40T A,21,2019-11-30T20:50:01.282640,21.06,3.691
Samsung INR21700-40T A,21,2019-11-30T20:50:01.883705,21.06,3.691
Samsung INR21700-40T A,21,2019-11-30T20:50:02.501668,21.06,3.691
Samsung INR21700-40T A,21,2019-11-30T20:50:03.102837,21.06,3.691
Samsung INR21700-40T A,21,2019-11-30T20:50:03.741574,21.06,3.691
Samsung INR21700-40T A,21,2019-11-30T20:50:04.334846,21.06,3.691
Samsung INR21700-40T A,21,2019-11-30T20:50:04.928132,21.06,3.691
Samsung INR21700-40T A,21,2019-11-30T20:50:05.529176,21.06,3.691
Samsung INR21700-40T A,21,2019-11-30T20:50:06.138347,21.06,3.691
Samsung INR21700-40T A,21,2019-11-30T20:50:06.747605,21.06,3.691
Samsung INR21700-40T A,21,2019-11-30T20:50:07.355475,21.06,3.674
Samsung INR21700-40T A,21,2019-11-30T20:50:07.962888,21.06,3.674
Samsung INR21700-40T A,21,2019-11-30T20:50:08.569992,21.06,3.674
Samsung INR21700-40T A,21,2019-11-30T20:50:09.176842,21.06,3.674
Samsung INR21700-40T A,21,2019-11-30T20:50:09.782814,21.06,3.674
Samsung INR21700-40T A,21,2019-11-30T20:50:10.389012,21.06,3.674
Samsung INR21700-40T A,21,2019-11-30T20:50:10.998723,21.06,3.674
Samsung INR21700-40T A,21,2019-11-30T20:50:11.606103,21.06,3.674
Samsung INR21700-40T A,21,2019-11-30T20:50:12.213556,21.06,3.674
Samsung INR21700-40T A,21,2019-11-30T20:50:12.820797,21.06,3.674
Samsung INR21700-40T A,21,2019-11-30T20:50:13.428561,21.06,3.674
Samsung INR21700-40T A,21,2019-11-30T20:50:14.035622,21.06,3.674
Samsung INR21700-40T A,21,2019-11-30T20:50:14.643698,21.06,3.674
Samsung INR21700-40T A,21,2019-11-30T20:50:15.249645,21.06,3.674
Samsung INR21700-40T A,21,2019-11-30T20:50:15.855437,21.06,3.674
Samsung INR21700-40T A,21,2019-11-30T20:50:16.461416,21.06,3.674
Samsung INR21700-40T A,21,2019-11-30T20:50:17.099055,21.06,3.674
Samsung INR21700-40T A,21,2019-11-30T20:50:17.691110,21.06,3.674
Samsung INR21700-40T A,21,2019-11-30T20:50:18.282207,21.06,3.674
Samsung INR21700-40T A,21,2019-11-30T20:50:18.889886,21.06,3.674
Samsung INR21700-40T A,21,2019-11-30T20:50:19.526956,21.06,3.657
Samsung INR21700-40T A,21,2019-11-30T20:50:20.118035,21.06,3.657
Samsung INR21700-40T A,21,2019-11-30T20:50:20.716941,21.06,3.657
Samsung INR21700-40T A,21,2019-11-30T20:50:21.321981,21.06,3.657
Samsung INR21700-40T A,21,2019-11-30T20:50:21.927325,21.06,3.657
Samsung INR21700-40T A,21,2019-11-30T20:50:22.533470,21.06,3.657
Samsung INR21700-40T A,21,2019-11-30T20:50:23.141269,21.06,3.657
Samsung INR21700-40T A,21,2019-11-30T20:50:23.749250,21.06,3.657
Samsung INR21700-40T A,21,2019-11-30T20:50:24.357358,21.06,3.657
Samsung INR21700-40T A,21,2019-11-30T20:50:24.964236,21.06,3.657
Samsung INR21700-40T A,21,2019-11-30T20:50:25.578053,21.06,3.657
Samsung INR21700-40T A,21,2019-11-30T20:50:26.185012,21.06,3.657
Samsung INR21700-40T A,21,2019-11-30T20:50:26.792961,21.06,3.657
Samsung INR21700-40T A,21,2019-11-30T20:50:27.400191,21.06,3.657
Samsung INR21700-40T A,21,2019-11-30T20:50:28.007304,21.06,3.657
Samsung INR21700-40T A,21,2019-11-30T20:50:28.613069,21.06,3.657
Samsung INR21700-40T A,21,2019-11-30T20:50:29.226744,21.06,3.657
Samsung INR21700-40T A,21,2019-11-30T20:50:29.833693,21.06,3.657
Samsung INR21700-40T A,21,2019-11-30T20:50:30.442028,21.06,3.657
Samsung INR21700-40T A,21,2019-11-30T20:50:31.049084,21.06,3.657
Samsung INR21700-40T A,21,2019-11-30T20:50:31.654995,21.06,3.641
Samsung INR21700-40T A,21,2019-11-30T20:50:32.259775,21.06,3.641
Samsung INR21700-40T A,21,2019-11-30T20:50:32.864896,21.06,3.641
Samsung INR21700-40T A,21,2019-11-30T20:50:33.469731,21.06,3.641
Samsung INR21700-40T A,21,2019-11-30T20:50:34.081996,21.06,3.641
Samsung INR21700-40T A,21,2019-11-30T20:50:34.688853,21.06,3.641
Samsung INR21700-40T A,21,2019-11-30T20:50:35.293544,21.06,3.641
Samsung INR21700-40T A,21,2019-11-30T20:50:35.897513,21.06,3.641
Samsung INR21700-40T A,21,2019-11-30T20:50:36.501537,21.06,3.641
Samsung INR21700-40T A,21,2019-11-30T20:50:37.105979,21.06,3.641
Samsung INR21700-40T A,21,2019-11-30T20:50:37.719755,21.06,3.641
Samsung INR21700-40T A,21,2019-11-30T20:50:38.331622,21.06,3.641
Samsung INR21700-40T A,21,2019-11-30T20:50:38.930033,21.06,3.641
Samsung INR21700-40T A,21,2019-11-30T20:50:39.535180,21.06,3.641
Samsung INR21700-40T A,21,2019-11-30T20:50:40.147870,21.06,3.641
Samsung INR21700-40T A,21,2019-11-30T20:50:40.760410,21.06,3.641
Samsung INR21700-40T A,21,2019-11-30T20:50:41.395384,21.06,3.641
Samsung INR21700-40T A,21,2019-11-30T20:50:41.993340,21.06,3.641
Samsung INR21700-40T A,21,2019-11-30T20:50:42.608541,21.06,3.624
Samsung INR21700-40T A,21,2019-11-30T20:50:43.199930,21.06,3.624
Samsung INR21700-40T A,21,2019-11-30T20:50:43.797911,21.06,3.624
Samsung INR21700-40T A,21,2019-11-30T20:50:44.403016,21.06,3.624
Samsung INR21700-40T A,21,2019-11-30T20:50:45.008258,21.06,3.624
Samsung INR21700-40T A,21,2019-11-30T20:50:45.620712,21.06,3.624
Samsung INR21700-40T A,21,2019-11-30T20:50:46.226898,21.06,3.624
Samsung INR21700-40T A,21,2019-11-30T20:50:46.841986,21.06,3.624
Samsung INR21700-40T A,21,2019-11-30T20:50:47.447150,21.06,3.624
Samsung INR21700-40T A,21,2019-11-30T20:50:48.052504,21.06,3.624
Samsung INR21700-40T A,21,2019-11-30T20:50:48.665004,21.06,3.624
Samsung INR21700-40T A,21,2019-11-30T20:50:49.276911,21.06,3.624
Samsung INR21700-40T A,21,2019-11-30T20:50:49.889678,21.06,3.624
Samsung INR21700-40T A,21,2019-11-30T20:50:50.496125,21.06,3.624
Samsung INR21700-40T A,21,2019-11-30T20:50:51.101326,21.06,3.624
Samsung INR21700-40T A,21,2019-11-30T20:50:51.713536,21.06,3.624
Samsung INR21700-40T A,21,2019-11-30T20:50:52.325270,21.06,3.624
Samsung INR21700-40T A,21,2019-11-30T20:50:52.936206,21.06,3.608
Samsung INR21700-40T A,21,2019-11-30T20:50:53.570413,21.06,3.608
Samsung INR21700-40T A,21,2019-11-30T20:50:54.162072,21.06,3.608
Samsung INR21700-40T A,21,2019-11-30T20:50:54.756010,21.06,3.608
Samsung INR21700-40T A,21,2019-11-30T20:50:55.363336,21.06,3.608
Samsung INR21700-40T A,21,2019-11-30T20:50:55.970030,21.06,3.608
Samsung INR21700-40T A,21,2019-11-30T20:50:56.576495,21.06,3.608
Samsung INR21700-40T A,21,2019-11-30T20:50:57.182355,21.06,3.608
Samsung INR21700-40T A,21,2019-11-30T20:50:57.788344,21.06,3.608
Samsung INR21700-40T A,21,2019-11-30T20:50:58.396009,21.06,3.608
Samsung INR21700-40T A,21,2019-11-30T20:50:59.001751,21.06,3.608
Samsung INR21700-40T A,21,2019-11-30T20:50:59.615117,21.06,3.608
Samsung INR21700-40T A,21,2019-11-30T20:51:00.221290,21.06,3.608
Samsung INR21700-40T A,21,2019-11-30T20:51:00.826280,21.06,3.608
Samsung INR21700-40T A,21,2019-11-30T20:51:01.431220,21.06,3.608
Samsung INR21700-40T A,21,2019-11-30T20:51:02.036617,21.06,3.608
Samsung INR21700-40T A,21,2019-11-30T20:51:02.643075,21.06,3.608
Samsung INR21700-40T A,21,2019-11-30T20:51:03.249087,21.06,3.608
Samsung INR21700-40T A,21,2019-11-30T20:51:03.855364,21.06,3.608
Samsung INR21700-40T A,21,2019-11-30T20:51:04.461566,21.06,3.608
Samsung INR21700-40T A,21,2019-11-30T20:51:05.067546,21.06,3.608
Samsung INR21700-40T A,21,2019-11-30T20:51:05.680429,21.06,3.608
Samsung INR21700-40T A,21,2019-11-30T20:51:06.286778,21.06,3.608
Samsung INR21700-40T A,21,2019-11-30T20:51:06.899755,21.06,3.608
Samsung INR21700-40T A,21,2019-11-30T20:51:07.511850,21.06,3.608
Samsung INR21700-40T A,21,2019-11-30T20:51:08.124669,21.06,3.608
Samsung INR21700-40T A,21,2019-11-30T20:51:08.760695,21.06,3.591
Samsung INR21700-40T A,21,2019-11-30T20:51:09.366660,21.06,3.591
Samsung INR21700-40T A,21,2019-11-30T20:51:09.964101,21.06,3.591
Samsung INR21700-40T A,21,2019-11-30T20:51:10.561959,21.06,3.591
Samsung INR21700-40T A,21,2019-11-30T20:51:11.158828,21.06,3.591
Samsung INR21700-40T A,21,2019-11-30T20:51:11.762560,21.06,3.591
Samsung INR21700-40T A,21,2019-11-30T20:51:12.367072,21.06,3.591
Samsung INR21700-40T A,21,2019-11-30T20:51:12.972935,21.06,3.591
Samsung INR21700-40T A,21,2019-11-30T20:51:13.585795,21.06,3.591
Samsung INR21700-40T A,21,2019-11-30T20:51:14.201070,21.06,3.591
Samsung INR21700-40T A,21,2019-11-30T20:51:14.799545,21.06,3.591
Samsung INR21700-40T A,21,2019-11-30T20:51:15.404527,21.06,3.591
Samsung INR21700-40T A,21,2019-11-30T20:51:16.017517,21.06,3.591
Samsung INR21700-40T A,21,2019-11-30T20:51:16.629797,21.06,3.591
Samsung INR21700-40T A,21,2019-11-30T20:51:17.241919,21.06,3.591
Samsung INR21700-40T A,21,2019-11-30T20:51:17.847305,21.06,3.591
Samsung INR21700-40T A,21,2019-11-30T20:51:18.453717,21.06,3.591
Samsung INR21700-40T A,21,2019-11-30T20:51:19.066655,21.06,3.591
Samsung INR21700-40T A,21,2019-11-30T20:51:19.672504,21.06,3.591
Samsung INR21700-40T A,21,2019-11-30T20:51:20.277367,21.06,3.591
Samsung INR21700-40T A,21,2019-11-30T20:51:20.881535,21.06,3.591
Samsung INR21700-40T A,21,2019-11-30T20:51:21.485701,21.06,3.591
Samsung INR21700-40T A,21,2019-11-30T20:51:22.090492,21.06,3.591
Samsung INR21700-40T A,21,2019-11-30T20:51:22.733000,21.06,3.574
Samsung INR21700-40T A,21,2019-11-30T20:51:23.329549,21.06,3.574
Samsung INR21700-40T A,21,2019-11-30T20:51:23.926223,21.06,3.574
Samsung INR21700-40T A,21,2019-11-30T20:51:24.538090,21.06,3.574
Samsung INR21700-40T A,21,2019-11-30T20:51:25.141888,21.06,3.574
Samsung INR21700-40T A,21,2019-11-30T20:51:25.745273,21.06,3.574
Samsung INR21700-40T A,21,2019-11-30T20:51:26.349950,21.06,3.574
Samsung INR21700-40T A,21,2019-11-30T20:51:26.953152,21.06,3.574
Samsung INR21700-40T A,21,2019-11-30T20:51:27.563882,21.06,3.574
Samsung INR21700-40T A,21,2019-11-30T20:51:28.174077,21.06,3.574
Samsung INR21700-40T A,21,2019-11-30T20:51:28.777727,21.06,3.574
Samsung INR21700-40T A,21,2019-11-30T20:51:29.388319,21.06,3.574
Samsung INR21700-40T A,21,2019-11-30T20:51:29.998831,21.06,3.574
Samsung INR21700-40T A,21,2019-11-30T20:51:30.610044,21.06,3.574
Samsung INR21700-40T A,21,2019-11-30T20:51:31.219916,21.06,3.574
Samsung INR21700-40T A,21,2019-11-30T20:51:31.829737,21.06,3.574
Samsung INR21700-40T A,21,2019-11-30T20:51:32.439360,21.06,3.574
Samsung INR21700-40T A,21,2019-11-30T20:51:33.042837,21.06,3.574
Samsung INR21700-40T A,21,2019-11-30T20:51:33.647355,21.06,3.574
Samsung INR21700-40T A,21,2019-11-30T20:51:34.261383,21.06,3.574
Samsung INR21700-40T A,21,2019-11-30T20:51:34.866514,21.06,3.574
Samsung INR21700-40T A,21,2019-11-30T20:51:35.471437,21.06,3.574
Samsung INR21700-40T A,21,2019-11-30T20:51:36.075455,21.06,3.574
Samsung INR21700-40T A,21,2019-11-30T20:51:36.679434,21.06,3.574
Samsung INR21700-40T A,21,2019-11-30T20:51:37.283504,21.06,3.574
Samsung INR21700-40T A,21,2019-11-30T20:51:37.887268,21.06,3.574
Samsung INR21700-40T A,21,2019-11-30T20:51:38.493206,21.06,3.574
Samsung INR21700-40T A,21,2019-11-30T20:51:39.104703,21.06,3.574
Samsung INR21700-40T A,21,2019-11-30T20:51:39.717267,21.06,3.574
Samsung INR21700-40T A,21,2019-11-30T20:51:40.354933,21.06,3.558
Samsung INR21700-40T A,21,2019-11-30T20:51:40.955397,21.06,3.558
Samsung INR21700-40T A,21,2019-11-30T20:51:41.554608,21.06,3.558
Samsung INR21700-40T A,21,2019-11-30T20:51:42.155223,21.06,3.558
Samsung INR21700-40T A,21,2019-11-30T20:51:42.755153,21.06,3.558
Samsung INR21700-40T A,21,2019-11-30T20:51:43.362366,21.06,3.558
Samsung INR21700-40T A,21,2019-11-30T20:51:43.969893,21.06,3.558
Samsung INR21700-40T A,21,2019-11-30T20:51:44.578012,21.06,3.558
Samsung INR21700-40T A,21,2019-11-30T20:51:45.185958,21.06,3.558
Samsung INR21700-40T A,21,2019-11-30T20:51:45.794160,21.06,3.558
Samsung INR21700-40T A,21,2019-11-30T20:51:46.407267,21.06,3.558
Samsung INR21700-40T A,21,2019-11-30T20:51:47.013991,21.06,3.558
Samsung INR21700-40T A,21,2019-11-30T20:51:47.621343,21.06,3.558
Samsung INR21700-40T A,21,2019-11-30T20:51:48.236266,21.06,3.558
Samsung INR21700-40T A,21,2019-11-30T20:51:48.842905,21.06,3.558
Samsung INR21700-40T A,21,2019-11-30T20:51:49.449573,21.06,3.558
Samsung INR21700-40T A,21,2019-11-30T20:51:50.065427,21.06,3.558
Samsung INR21700-40T A,21,2019-11-30T20:51:50.665428,21.06,3.558
Samsung INR21700-40T A,21,2019-11-30T20:51:51.265642,21.06,3.558
Samsung INR21700-40T A,21,2019-11-30T20:51:51.873147,21.06,3.558
Samsung INR21700-40T A,21,2019-11-30T20:51:52.479770,21.06,3.558
Samsung INR21700-40T A,21,2019-11-30T20:51:53.086030,21.06,3.558
Samsung INR21700-40T A,21,2019-11-30T20:51:53.692072,21.06,3.558
Samsung INR21700-40T A,21,2019-11-30T20:51:54.299550,21.06,3.558
Samsung INR21700-40T A,21,2019-11-30T20:51:54.912238,21.06,3.541
Samsung INR21700-40T A,21,2019-11-30T20:51:55.548724,21.06,3.558
Samsung INR21700-40T A,21,2019-11-30T20:51:56.146887,21.06,3.541
Samsung INR21700-40T A,21,2019-11-30T20:51:56.746405,21.06,3.541
Samsung INR21700-40T A,21,2019-11-30T20:51:57.346164,21.06,3.541
Samsung INR21700-40T A,21,2019-11-30T20:51:57.945642,21.06,3.541
Samsung INR21700-40T A,21,2019-11-30T20:51:58.553992,21.06,3.541
Samsung INR21700-40T A,21,2019-11-30T20:51:59.160180,21.06,3.541
Samsung INR21700-40T A,21,2019-11-30T20:51:59.774147,21.06,3.541
Samsung INR21700-40T A,21,2019-11-30T20:52:00.380115,21.06,3.541
Samsung INR21700-40T A,21,2019-11-30T20:52:00.993874,21.06,3.541
Samsung INR21700-40T A,21,2019-11-30T20:52:01.599923,21.06,3.541
Samsung INR21700-40T A,21,2019-11-30T20:52:02.206678,21.06,3.541
Samsung INR21700-40T A,21,2019-11-30T20:52:02.812087,21.06,3.541
Samsung INR21700-40T A,21,2019-11-30T20:52:03.418161,21.06,3.541
Samsung INR21700-40T A,21,2019-11-30T20:52:04.024014,21.06,3.541
Samsung INR21700-40T A,21,2019-11-30T20:52:04.629972,21.06,3.541
Samsung INR21700-40T A,21,2019-11-30T20:52:05.235838,21.06,3.541
Samsung INR21700-40T A,21,2019-11-30T20:52:05.842392,21.06,3.541
Samsung INR21700-40T A,21,2019-11-30T20:52:06.449645,21.06,3.541
Samsung INR21700-40T A,21,2019-11-30T20:52:07.062473,21.06,3.541
Samsung INR21700-40T A,21,2019-11-30T20:52:07.674552,21.06,3.541
Samsung INR21700-40T A,21,2019-11-30T20:52:08.287316,21.06,3.541
Samsung INR21700-40T A,21,2019-11-30T20:52:08.892792,21.06,3.541
Samsung INR21700-40T A,21,2019-11-30T20:52:09.498475,21.06,3.541
Samsung INR21700-40T A,21,2019-11-30T20:52:10.136126,21.06,3.525
Samsung INR21700-40T A,21,2019-11-30T20:52:10.734758,21.06,3.525
Samsung INR21700-40T A,21,2019-11-30T20:52:11.333262,21.06,3.525
Samsung INR21700-40T A,21,2019-11-30T20:52:11.930715,21.06,3.525
Samsung INR21700-40T A,21,2019-11-30T20:52:12.543285,21.06,3.525
Samsung INR21700-40T A,21,2019-11-30T20:52:13.156093,21.06,3.525
Samsung INR21700-40T A,21,2019-11-30T20:52:13.761136,21.06,3.525
Samsung INR21700-40T A,21,2019-11-30T20:52:14.367576,21.06,3.525
Samsung INR21700-40T A,21,2019-11-30T20:52:14.979387,21.06,3.525
Samsung INR21700-40T A,21,2019-11-30T20:52:15.592303,21.06,3.525
Samsung INR21700-40T A,21,2019-11-30T20:52:16.197506,21.06,3.525
Samsung INR21700-40T A,21,2019-11-30T20:52:16.801709,21.06,3.525
Samsung INR21700-40T A,21,2019-11-30T20:52:17.405756,21.06,3.525
Samsung INR21700-40T A,21,2019-11-30T20:52:18.011405,21.06,3.525
Samsung INR21700-40T A,21,2019-11-30T20:52:18.615455,21.06,3.525
Samsung INR21700-40T A,21,2019-11-30T20:52:19.222573,21.06,3.525
Samsung INR21700-40T A,21,2019-11-30T20:52:19.830098,21.06,3.525
Samsung INR21700-40T A,21,2019-11-30T20:52:20.430873,21.06,3.525
Samsung INR21700-40T A,21,2019-11-30T20:52:21.041378,21.06,3.525
Samsung INR21700-40T A,21,2019-11-30T20:52:21.652248,21.06,3.525
Samsung INR21700-40T A,21,2019-11-30T20:52:22.263561,21.06,3.525
Samsung INR21700-40T A,21,2019-11-30T20:52:22.873302,21.06,3.525
Samsung INR21700-40T A,21,2019-11-30T20:52:23.483020,21.06,3.525
Samsung INR21700-40T A,21,2019-11-30T20:52:24.085450,21.06,3.525
Samsung INR21700-40T A,21,2019-11-30T20:52:24.695057,21.06,3.525
Samsung INR21700-40T A,21,2019-11-30T20:52:25.296898,21.06,3.525
Samsung INR21700-40T A,21,2019-11-30T20:52:25.916191,21.06,3.525
Samsung INR21700-40T A,21,2019-11-30T20:52:26.540924,21.06,3.508
Samsung INR21700-40T A,21,2019-11-30T20:52:27.142092,21.06,3.508
Samsung INR21700-40T A,21,2019-11-30T20:52:27.742853,21.06,3.508
Samsung INR21700-40T A,21,2019-11-30T20:52:28.343516,21.06,3.508
Samsung INR21700-40T A,21,2019-11-30T20:52:28.943550,21.06,3.508
Samsung INR21700-40T A,21,2019-11-30T20:52:29.543755,21.06,3.508
Samsung INR21700-40T A,21,2019-11-30T20:52:30.147196,21.06,3.508
Samsung INR21700-40T A,21,2019-11-30T20:52:30.755808,21.06,3.508
Samsung INR21700-40T A,21,2019-11-30T20:52:31.357044,21.06,3.508
Samsung INR21700-40T A,21,2019-11-30T20:52:31.966160,21.06,3.508
Samsung INR21700-40T A,21,2019-11-30T20:52:32.573911,21.06,3.508
Samsung INR21700-40T A,21,2019-11-30T20:52:33.182243,21.06,3.508
Samsung INR21700-40T A,21,2019-11-30T20:52:33.790247,21.06,3.508
Samsung INR21700-40T A,21,2019-11-30T20:52:34.399588,21.06,3.508
Samsung INR21700-40T A,21,2019-11-30T20:52:35.008115,21.06,3.508
Samsung INR21700-40T A,21,2019-11-30T20:52:35.615921,21.06,3.508
Samsung INR21700-40T A,21,2019-11-30T20:52:36.223771,21.06,3.508
Samsung INR21700-40T A,21,2019-11-30T20:52:36.832402,21.06,3.508
Samsung INR21700-40T A,21,2019-11-30T20:52:37.439820,21.06,3.508
Samsung INR21700-40T A,21,2019-11-30T20:52:38.048330,21.06,3.508
Samsung INR21700-40T A,21,2019-11-30T20:52:38.655054,21.06,3.508
Samsung INR21700-40T A,21,2019-11-30T20:52:39.261713,21.06,3.508
Samsung INR21700-40T A,21,2019-11-30T20:52:39.868233,21.06,3.508
Samsung INR21700-40T A,21,2019-11-30T20:52:40.475689,21.06,3.508
Samsung INR21700-40T A,21,2019-11-30T20:52:41.084257,21.06,3.508
Samsung INR21700-40T A,21,2019-11-30T20:52:41.723780,21.06,3.508
Samsung INR21700-40T A,21,2019-11-30T20:52:42.320189,21.06,3.491
Samsung INR21700-40T A,21,2019-11-30T20:52:42.922233,21.06,3.491
Samsung INR21700-40T A,21,2019-11-30T20:52:43.524161,21.06,3.491
Samsung INR21700-40T A,21,2019-11-30T20:52:44.126009,21.06,3.491
Samsung INR21700-40T A,21,2019-11-30T20:52:44.727126,21.06,3.491
Samsung INR21700-40T A,21,2019-11-30T20:52:45.328042,21.06,3.491
Samsung INR21700-40T A,21,2019-11-30T20:52:45.938043,21.06,3.491
Samsung INR21700-40T A,21,2019-11-30T20:52:46.547167,21.06,3.491
Samsung INR21700-40T A,21,2019-11-30T20:52:47.148599,21.06,3.491
Samsung INR21700-40T A,21,2019-11-30T20:52:47.757335,21.06,3.491
Samsung INR21700-40T A,21,2019-11-30T20:52:48.365982,21.06,3.491
Samsung INR21700-40T A,21,2019-11-30T20:52:48.974641,21.06,3.491
Samsung INR21700-40T A,21,2019-11-30T20:52:49.583369,21.06,3.491
Samsung INR21700-40T A,21,2019-11-30T20:52:50.186045,21.06,3.491
Samsung INR21700-40T A,21,2019-11-30T20:52:50.794489,21.06,3.491
Samsung INR21700-40T A,21,2019-11-30T20:52:51.402026,21.06,3.491
Samsung INR21700-40T A,21,2019-11-30T20:52:52.010467,21.06,3.491
Samsung INR21700-40T A,21,2019-11-30T20:52:52.618471,21.06,3.491
Samsung INR21700-40T A,21,2019-11-30T20:52:53.226733,21.06,3.491
Samsung INR21700-40T A,21,2019-11-30T20:52:53.873988,21.06,3.475
Samsung INR21700-40T A,21,2019-11-30T20:52:54.474021,21.06,3.475
Samsung INR21700-40T A,21,2019-11-30T20:52:55.074186,21.06,3.475
Samsung INR21700-40T A,21,2019-11-30T20:52:55.675389,21.06,3.475
Samsung INR21700-40T A,21,2019-11-30T20:52:56.275807,21.06,3.475
Samsung INR21700-40T A,21,2019-11-30T20:52:56.875562,21.06,3.475
Samsung INR21700-40T A,21,2019-11-30T20:52:57.475091,21.06,3.475
Samsung INR21700-40T A,21,2019-11-30T20:52:58.084327,21.06,3.475
Samsung INR21700-40T A,21,2019-11-30T20:52:58.691379,21.06,3.475
Samsung INR21700-40T A,21,2019-11-30T20:52:59.298737,21.06,3.475
Samsung INR21700-40T A,21,2019-11-30T20:52:59.906165,21.06,3.475
Samsung INR21700-40T A,21,2019-11-30T20:53:00.513337,21.06,3.475
Samsung INR21700-40T A,21,2019-11-30T20:53:01.120863,21.06,3.475
Samsung INR21700-40T A,21,2019-11-30T20:53:01.727414,21.06,3.475
Samsung INR21700-40T A,21,2019-11-30T20:53:02.335928,21.06,3.475
Samsung INR21700-40T A,21,2019-11-30T20:53:02.942757,21.06,3.475
Samsung INR21700-40T A,21,2019-11-30T20:53:03.550149,21.06,3.475
Samsung INR21700-40T A,21,2019-11-30T20:53:04.157491,21.06,3.475
Samsung INR21700-40T A,21,2019-11-30T20:53:04.764709,21.06,3.475
Samsung INR21700-40T A,21,2019-11-30T20:53:05.371548,21.06,3.475
Samsung INR21700-40T A,21,2019-11-30T20:53:05.978988,21.06,3.475
Samsung INR21700-40T A,21,2019-11-30T20:53:06.585061,21.06,3.475
Samsung INR21700-40T A,21,2019-11-30T20:53:07.191453,21.06,3.475
Samsung INR21700-40T A,21,2019-11-30T20:53:07.797754,21.06,3.475
Samsung INR21700-40T A,21,2019-11-30T20:53:08.434218,21.06,3.458
Samsung INR21700-40T A,21,2019-11-30T20:53:09.032679,21.06,3.458
Samsung INR21700-40T A,21,2019-11-30T20:53:09.633379,21.06,3.458
Samsung INR21700-40T A,21,2019-11-30T20:53:10.236361,21.06,3.458
Samsung INR21700-40T A,21,2019-11-30T20:53:10.837596,21.06,3.458
Samsung INR21700-40T A,21,2019-11-30T20:53:11.446279,21.06,3.458
Samsung INR21700-40T A,21,2019-11-30T20:53:12.054820,21.06,3.458
Samsung INR21700-40T A,21,2019-11-30T20:53:12.663556,21.06,3.458
Samsung INR21700-40T A,21,2019-11-30T20:53:13.264676,21.06,3.458
Samsung INR21700-40T A,21,2019-11-30T20:53:13.873537,21.06,3.458
Samsung INR21700-40T A,21,2019-11-30T20:53:14.481590,21.06,3.458
Samsung INR21700-40T A,21,2019-11-30T20:53:15.089945,21.06,3.458
Samsung INR21700-40T A,21,2019-11-30T20:53:15.697736,21.06,3.458
Samsung INR21700-40T A,21,2019-11-30T20:53:16.306156,21.06,3.458
Samsung INR21700-40T A,21,2019-11-30T20:53:16.913823,21.06,3.458
Samsung INR21700-40T A,21,2019-11-30T20:53:17.522045,21.06,3.458
Samsung INR21700-40T A,21,2019-11-30T20:53:18.131401,21.06,3.458
Samsung INR21700-40T A,21,2019-11-30T20:53:18.740290,21.06,3.458
Samsung INR21700-40T A,21,2019-11-30T20:53:19.347994,21.06,3.458
Samsung INR21700-40T A,21,2019-11-30T20:53:19.955918,21.06,3.458
Samsung INR21700-40T A,21,2019-11-30T20:53:20.563945,21.06,3.458
Samsung INR21700-40T A,21,2019-11-30T20:53:21.172043,21.06,3.458
Samsung INR21700-40T A,21,2019-11-30T20:53:21.789276,21.06,3.458
Samsung INR21700-40T A,21,2019-11-30T20:53:22.388607,21.06,3.458
Samsung INR21700-40T A,21,2019-11-30T20:53:22.995625,21.06,3.458
Samsung INR21700-40T A,21,2019-11-30T20:53:23.602358,21.06,3.458
Samsung INR21700-40T A,21,2019-11-30T20:53:24.209423,21.06,3.442
Samsung INR21700-40T A,21,2019-11-30T20:53:24.815572,21.06,3.442
Samsung INR21700-40T A,21,2019-11-30T20:53:25.421535,21.06,3.442
Samsung INR21700-40T A,21,2019-11-30T20:53:26.028955,21.06,3.442
Samsung INR21700-40T A,21,2019-11-30T20:53:26.634954,21.06,3.442
Samsung INR21700-40T A,21,2019-11-30T20:53:27.240886,21.06,3.442
Samsung INR21700-40T A,21,2019-11-30T20:53:27.848024,21.06,3.442
Samsung INR21700-40T A,21,2019-11-30T20:53:28.455015,21.06,3.442
Samsung INR21700-40T A,21,2019-11-30T20:53:29.062418,21.06,3.442
Samsung INR21700-40T A,21,2019-11-30T20:53:29.669618,21.06,3.442
Samsung INR21700-40T A,21,2019-11-30T20:53:30.278030,21.06,3.442
Samsung INR21700-40T A,21,2019-11-30T20:53:30.885030,21.06,3.442
Samsung INR21700-40T A,21,2019-11-30T20:53:31.491110,21.06,3.442
Samsung INR21700-40T A,21,2019-11-30T20:53:32.097374,21.06,3.442
Samsung INR21700-40T A,21,2019-11-30T20:53:32.703307,21.06,3.442
Samsung INR21700-40T A,21,2019-11-30T20:53:33.309771,21.06,3.442
Samsung INR21700-40T A,21,2019-11-30T20:53:33.947240,21.06,3.442
Samsung INR21700-40T A,21,2019-11-30T20:53:34.545497,21.06,3.442
Samsung INR21700-40T A,21,2019-11-30T20:53:35.144858,21.06,3.442
Samsung INR21700-40T A,21,2019-11-30T20:53:35.744044,21.06,3.442
Samsung INR21700-40T A,21,2019-11-30T20:53:36.350406,21.06,3.442
Samsung INR21700-40T A,21,2019-11-30T20:53:36.956638,21.06,3.442
Samsung INR21700-40T A,21,2019-11-30T20:53:37.564759,21.06,3.425
Samsung INR21700-40T A,21,2019-11-30T20:53:38.174331,21.06,3.425
Samsung INR21700-40T A,21,2019-11-30T20:53:38.781983,21.06,3.425
Samsung INR21700-40T A,21,2019-11-30T20:53:39.388711,21.06,3.425
Samsung INR21700-40T A,21,2019-11-30T20:53:39.995660,21.06,3.425
Samsung INR21700-40T A,21,2019-11-30T20:53:40.602082,21.06,3.425
Samsung INR21700-40T A,21,2019-11-30T20:53:41.209514,21.06,3.425
Samsung INR21700-40T A,21,2019-11-30T20:53:41.817653,21.06,3.425
Samsung INR21700-40T A,21,2019-11-30T20:53:42.431602,21.06,3.425
Samsung INR21700-40T A,21,2019-11-30T20:53:43.038514,21.06,3.425
Samsung INR21700-40T A,21,2019-11-30T20:53:43.645599,21.06,3.425
Samsung INR21700-40T A,21,2019-11-30T20:53:44.253355,21.06,3.425
Samsung INR21700-40T A,21,2019-11-30T20:53:44.862030,21.06,3.425
Samsung INR21700-40T A,21,2019-11-30T20:53:45.471092,21.06,3.425
Samsung INR21700-40T A,21,2019-11-30T20:53:46.081581,21.06,3.425
Samsung INR21700-40T A,21,2019-11-30T20:53:46.683322,21.06,3.425
Samsung INR21700-40T A,21,2019-11-30T20:53:47.322372,21.06,3.425
Samsung INR21700-40T A,21,2019-11-30T20:53:47.923513,21.06,3.425
Samsung INR21700-40T A,21,2019-11-30T20:53:48.525614,21.06,3.425
Samsung INR21700-40T A,21,2019-11-30T20:53:49.126555,21.06,3.425
Samsung INR21700-40T A,21,2019-11-30T20:53:49.729623,21.06,3.425
Samsung INR21700-40T A,21,2019-11-30T20:53:50.337554,21.06,3.425
Samsung INR21700-40T A,21,2019-11-30T20:53:50.945460,21.06,3.408
Samsung INR21700-40T A,21,2019-11-30T20:53:51.552607,21.06,3.408
Samsung INR21700-40T A,21,2019-11-30T20:53:52.159527,21.06,3.408
Samsung INR21700-40T A,21,2019-11-30T20:53:52.766743,21.06,3.408
Samsung INR21700-40T A,21,2019-11-30T20:53:53.373955,21.06,3.408
Samsung INR21700-40T A,21,2019-11-30T20:53:53.982431,21.06,3.408
Samsung INR21700-40T A,21,2019-11-30T20:53:54.588934,21.06,3.408
Samsung INR21700-40T A,21,2019-11-30T20:53:55.196153,21.06,3.408
Samsung INR21700-40T A,21,2019-11-30T20:53:55.802737,21.06,3.408
Samsung INR21700-40T A,21,2019-11-30T20:53:56.410199,21.06,3.408
Samsung INR21700-40T A,21,2019-11-30T20:53:57.017230,21.06,3.408
Samsung INR21700-40T A,21,2019-11-30T20:53:57.633014,21.06,3.408
Samsung INR21700-40T A,21,2019-11-30T20:53:58.240292,21.06,3.408
Samsung INR21700-40T A,21,2019-11-30T20:53:58.839935,21.06,3.408
Samsung INR21700-40T A,21,2019-11-30T20:53:59.454047,21.06,3.408
Samsung INR21700-40T A,21,2019-11-30T20:54:00.067704,21.06,3.408
Samsung INR21700-40T A,21,2019-11-30T20:54:00.704506,21.06,3.408
Samsung INR21700-40T A,21,2019-11-30T20:54:01.310348,21.06,3.408
Samsung INR21700-40T A,21,2019-11-30T20:54:01.917948,21.06,3.408
Samsung INR21700-40T A,21,2019-11-30T20:54:02.516178,21.06,3.408
Samsung INR21700-40T A,21,2019-11-30T20:54:03.121968,21.06,3.408
Samsung INR21700-40T A,21,2019-11-30T20:54:03.728964,21.06,3.392
Samsung INR21700-40T A,21,2019-11-30T20:54:04.334882,21.06,3.392
Samsung INR21700-40T A,21,2019-11-30T20:54:04.933198,21.06,3.392
Samsung INR21700-40T A,21,2019-11-30T20:54:05.531817,21.06,3.392
Samsung INR21700-40T A,21,2019-11-30T20:54:06.139447,21.06,3.392
Samsung INR21700-40T A,21,2019-11-30T20:54:06.746424,21.06,3.392
Samsung INR21700-40T A,21,2019-11-30T20:54:07.346434,21.06,3.392
Samsung INR21700-40T A,21,2019-11-30T20:54:07.953394,21.06,3.392
Samsung INR21700-40T A,21,2019-11-30T20:54:08.560547,21.06,3.392
Samsung INR21700-40T A,21,2019-11-30T20:54:09.167753,21.06,3.392
Samsung INR21700-40T A,21,2019-11-30T20:54:09.775734,21.06,3.392
Samsung INR21700-40T A,21,2019-11-30T20:54:10.382272,21.06,3.392
Samsung INR21700-40T A,21,2019-11-30T20:54:10.988536,21.06,3.392
Samsung INR21700-40T A,21,2019-11-30T20:54:11.594604,21.06,3.392
Samsung INR21700-40T A,21,2019-11-30T20:54:12.200595,21.06,3.392
Samsung INR21700-40T A,21,2019-11-30T20:54:12.806709,21.06,3.392
Samsung INR21700-40T A,21,2019-11-30T20:54:13.442643,21.06,3.392
Samsung INR21700-40T A,21,2019-11-30T20:54:14.050258,21.06,3.392
Samsung INR21700-40T A,21,2019-11-30T20:54:14.648792,21.06,3.392
Samsung INR21700-40T A,21,2019-11-30T20:54:15.254807,21.06,3.392
Samsung INR21700-40T A,21,2019-11-30T20:54:15.853406,21.06,3.392
Samsung INR21700-40T A,21,2019-11-30T20:54:16.459009,21.06,3.392
Samsung INR21700-40T A,21,2019-11-30T20:54:17.065000,21.06,3.392
Samsung INR21700-40T A,21,2019-11-30T20:54:17.672579,21.06,3.392
Samsung INR21700-40T A,21,2019-11-30T20:54:18.285909,21.06,3.392
Samsung INR21700-40T A,21,2019-11-30T20:54:18.922193,21.06,3.375
Samsung INR21700-40T A,21,2019-11-30T20:54:19.527259,21.06,3.375
Samsung INR21700-40T A,21,2019-11-30T20:54:20.132231,21.06,3.375
Samsung INR21700-40T A,21,2019-11-30T20:54:20.737451,21.06,3.375
Samsung INR21700-40T A,21,2019-11-30T20:54:21.343034,21.06,3.375
Samsung INR21700-40T A,21,2019-11-30T20:54:21.949868,21.06,3.375
Samsung INR21700-40T A,21,2019-11-30T20:54:22.562086,21.06,3.375
Samsung INR21700-40T A,21,2019-11-30T20:54:23.174670,21.06,3.375
Samsung INR21700-40T A,21,2019-11-30T20:54:23.786528,21.06,3.375
Samsung INR21700-40T A,21,2019-11-30T20:54:24.397805,21.06,3.375
Samsung INR21700-40T A,21,2019-11-30T20:54:25.009492,21.06,3.375
Samsung INR21700-40T A,21,2019-11-30T20:54:25.615537,21.06,3.375
Samsung INR21700-40T A,21,2019-11-30T20:54:26.226879,21.06,3.375
Samsung INR21700-40T A,21,2019-11-30T20:54:26.838417,21.06,3.375
Samsung INR21700-40T A,21,2019-11-30T20:54:27.450141,21.06,3.375
Samsung INR21700-40T A,21,2019-11-30T20:54:28.061915,21.06,3.375
Samsung INR21700-40T A,21,2019-11-30T20:54:28.674222,21.06,3.375
Samsung INR21700-40T A,21,2019-11-30T20:54:29.282502,21.06,3.375
Samsung INR21700-40T A,21,2019-11-30T20:54:29.891777,21.06,3.375
Samsung INR21700-40T A,21,2019-11-30T20:54:30.500031,21.06,3.375
Samsung INR21700-40T A,21,2019-11-30T20:54:31.108112,21.06,3.375
Samsung INR21700-40T A,21,2019-11-30T20:54:31.723062,21.06,3.375
Samsung INR21700-40T A,21,2019-11-30T20:54:32.331253,21.06,3.375
Samsung INR21700-40T A,21,2019-11-30T20:54:32.962059,21.06,3.359
Samsung INR21700-40T A,21,2019-11-30T20:54:33.565681,21.06,3.359
Samsung INR21700-40T A,21,2019-11-30T20:54:34.167015,21.06,3.359
Samsung INR21700-40T A,21,2019-11-30T20:54:34.775863,21.06,3.359
Samsung INR21700-40T A,21,2019-11-30T20:54:35.376977,21.06,3.359
Samsung INR21700-40T A,21,2019-11-30T20:54:35.985117,21.06,3.359
Samsung INR21700-40T A,21,2019-11-30T20:54:36.585821,21.06,3.359
Samsung INR21700-40T A,21,2019-11-30T20:54:37.193346,21.06,3.359
Samsung INR21700-40T A,21,2019-11-30T20:54:37.802592,21.06,3.359
Samsung INR21700-40T A,21,2019-11-30T20:54:38.403241,21.06,3.359
Samsung INR21700-40T A,21,2019-11-30T20:54:39.003689,21.06,3.359
Samsung INR21700-40T A,21,2019-11-30T20:54:39.611813,21.06,3.359
Samsung INR21700-40T A,21,2019-11-30T20:54:40.219751,21.06,3.359
Samsung INR21700-40T A,21,2019-11-30T20:54:40.827754,21.06,3.359
Samsung INR21700-40T A,21,2019-11-30T20:54:41.444517,21.06,3.359
Samsung INR21700-40T A,21,2019-11-30T20:54:42.044679,21.06,3.359
Samsung INR21700-40T A,21,2019-11-30T20:54:42.652329,21.06,3.359
Samsung INR21700-40T A,21,2019-11-30T20:54:43.261415,21.06,3.359
Samsung INR21700-40T A,21,2019-11-30T20:54:43.869335,21.06,3.359
Samsung INR21700-40T A,21,2019-11-30T20:54:44.477241,21.06,3.359
Samsung INR21700-40T A,21,2019-11-30T20:54:45.085220,21.06,3.359
Samsung INR21700-40T A,21,2019-11-30T20:54:45.694928,21.06,3.359
Samsung INR21700-40T A,21,2019-11-30T20:54:46.302876,21.06,3.342
Samsung INR21700-40T A,21,2019-11-30T20:54:46.909568,21.06,3.342
Samsung INR21700-40T A,21,2019-11-30T20:54:47.516446,21.06,3.342
Samsung INR21700-40T A,21,2019-11-30T20:54:48.123316,21.06,3.342
Samsung INR21700-40T A,21,2019-11-30T20:54:48.730311,21.06,3.342
Samsung INR21700-40T A,21,2019-11-30T20:54:49.337709,21.06,3.342
Samsung INR21700-40T A,21,2019-11-30T20:54:49.945627,21.06,3.342
Samsung INR21700-40T A,21,2019-11-30T20:54:50.552562,21.06,3.342
Samsung INR21700-40T A,21,2019-11-30T20:54:51.159259,21.06,3.342
Samsung INR21700-40T A,21,2019-11-30T20:54:51.766693,21.06,3.342
Samsung INR21700-40T A,21,2019-11-30T20:54:52.372204,21.06,3.342
Samsung INR21700-40T A,21,2019-11-30T20:54:52.977958,21.06,3.342
Samsung INR21700-40T A,21,2019-11-30T20:54:53.585146,21.06,3.342
Samsung INR21700-40T A,21,2019-11-30T20:54:54.191279,21.06,3.342
Samsung INR21700-40T A,21,2019-11-30T20:54:54.797603,21.06,3.342
Samsung INR21700-40T A,21,2019-11-30T20:54:55.403923,21.06,3.342
Samsung INR21700-40T A,21,2019-11-30T20:54:56.039981,21.06,3.342
Samsung INR21700-40T A,21,2019-11-30T20:54:56.645888,21.06,3.342
Samsung INR21700-40T A,21,2019-11-30T20:54:57.244122,21.06,3.342
Samsung INR21700-40T A,21,2019-11-30T20:54:57.851597,21.06,3.342
Samsung INR21700-40T A,21,2019-11-30T20:54:58.457974,21.06,3.325
Samsung INR21700-40T A,21,2019-11-30T20:54:59.065344,21.06,3.325
Samsung INR21700-40T A,21,2019-11-30T20:54:59.672642,21.06,3.325
Samsung INR21700-40T A,21,2019-11-30T20:55:00.280142,21.06,3.325
Samsung INR21700-40T A,21,2019-11-30T20:55:00.887707,21.06,3.325
Samsung INR21700-40T A,21,2019-11-30T20:55:01.496120,21.06,3.325
Samsung INR21700-40T A,21,2019-11-30T20:55:02.102712,21.06,3.325
Samsung INR21700-40T A,21,2019-11-30T20:55:02.717575,21.06,3.325
Samsung INR21700-40T A,21,2019-11-30T20:55:03.324254,21.06,3.325
Samsung INR21700-40T A,21,2019-11-30T20:55:03.931398,21.06,3.325
Samsung INR21700-40T A,21,2019-11-30T20:55:04.538167,21.06,3.325
Samsung INR21700-40T A,21,2019-11-30T20:55:05.145474,21.06,3.325
Samsung INR21700-40T A,21,2019-11-30T20:55:05.754052,21.06,3.325
Samsung INR21700-40T A,21,2019-11-30T20:55:06.361548,21.06,3.325
Samsung INR21700-40T A,21,2019-11-30T20:55:06.968889,21.06,3.325
Samsung INR21700-40T A,21,2019-11-30T20:55:07.575739,21.06,3.325
Samsung INR21700-40T A,21,2019-11-30T20:55:08.213027,21.06,3.325
Samsung INR21700-40T A,21,2019-11-30T20:55:08.820083,21.06,3.325
Samsung INR21700-40T A,21,2019-11-30T20:55:09.428091,21.06,3.325
Samsung INR21700-40T A,21,2019-11-30T20:55:10.035612,21.06,3.325
Samsung INR21700-40T A,21,2019-11-30T20:55:10.642264,21.06,3.325
Samsung INR21700-40T A,21,2019-11-30T20:55:11.248377,21.06,3.325
Samsung INR21700-40T A,21,2019-11-30T20:55:11.854380,21.06,3.325
Samsung INR21700-40T A,21,2019-11-30T20:55:12.467753,21.06,3.309
Samsung INR21700-40T A,21,2019-11-30T20:55:13.072885,21.06,3.309
Samsung INR21700-40T A,21,2019-11-30T20:55:13.679520,21.06,3.309
Samsung INR21700-40T A,21,2019-11-30T20:55:14.284619,21.06,3.309
Samsung INR21700-40T A,21,2019-11-30T20:55:14.889684,21.06,3.309
Samsung INR21700-40T A,21,2019-11-30T20:55:15.495385,21.06,3.309
Samsung INR21700-40T A,21,2019-11-30T20:55:16.100292,21.06,3.309
Samsung INR21700-40T A,21,2019-11-30T20:55:16.705256,21.06,3.309
Samsung INR21700-40T A,21,2019-11-30T20:55:17.323324,21.06,3.309
Samsung INR21700-40T A,21,2019-11-30T20:55:17.927974,21.06,3.309
Samsung INR21700-40T A,21,2019-11-30T20:55:18.532939,21.06,3.309
Samsung INR21700-40T A,21,2019-11-30T20:55:19.138228,21.06,3.309
Samsung INR21700-40T A,21,2019-11-30T20:55:19.750646,21.06,3.309
Samsung INR21700-40T A,21,2019-11-30T20:55:20.356294,21.06,3.309
Samsung INR21700-40T A,21,2019-11-30T20:55:20.961400,21.06,3.309
Samsung INR21700-40T A,21,2019-11-30T20:55:21.568048,21.06,3.309
Samsung INR21700-40T A,21,2019-11-30T20:55:22.173430,21.06,3.309
Samsung INR21700-40T A,21,2019-11-30T20:55:22.778794,21.06,3.309
Samsung INR21700-40T A,21,2019-11-30T20:55:23.384142,21.06,3.309
Samsung INR21700-40T A,21,2019-11-30T20:55:23.996244,21.06,3.309
Samsung INR21700-40T A,21,2019-11-30T20:55:24.601541,21.06,3.309
Samsung INR21700-40T A,21,2019-11-30T20:55:25.215735,21.06,3.309
Samsung INR21700-40T A,21,2019-11-30T20:55:25.821049,21.06,3.309
Samsung INR21700-40T A,21,2019-11-30T20:55:26.426013,21.06,3.309
Samsung INR21700-40T A,21,2019-11-30T20:55:27.062506,21.06,3.292
Samsung INR21700-40T A,21,2019-11-30T20:55:27.670513,21.06,3.292
Samsung INR21700-40T A,21,2019-11-30T20:55:28.278578,21.06,3.292
Samsung INR21700-40T A,21,2019-11-30T20:55:28.886474,21.06,3.292
Samsung INR21700-40T A,21,2019-11-30T20:55:29.488648,21.06,3.292
Samsung INR21700-40T A,21,2019-11-30T20:55:30.096296,21.06,3.292
Samsung INR21700-40T A,21,2019-11-30T20:55:30.704524,21.06,3.292
Samsung INR21700-40T A,21,2019-11-30T20:55:31.312220,21.06,3.292
Samsung INR21700-40T A,21,2019-11-30T20:55:31.920491,21.06,3.292
Samsung INR21700-40T A,21,2019-11-30T20:55:32.528567,21.06,3.292
Samsung INR21700-40T A,21,2019-11-30T20:55:33.136522,21.06,3.292
Samsung INR21700-40T A,21,2019-11-30T20:55:33.738928,21.06,3.292
Samsung INR21700-40T A,21,2019-11-30T20:55:34.346878,21.06,3.292
Samsung INR21700-40T A,21,2019-11-30T20:55:34.954914,21.06,3.292
Samsung INR21700-40T A,21,2019-11-30T20:55:35.562582,21.06,3.292
Samsung INR21700-40T A,21,2019-11-30T20:55:36.170766,21.06,3.292
Samsung INR21700-40T A,21,2019-11-30T20:55:36.778554,21.06,3.292
Samsung INR21700-40T A,21,2019-11-30T20:55:37.388768,21.06,3.292
Samsung INR21700-40T A,21,2019-11-30T20:55:37.996745,21.06,3.292
Samsung INR21700-40T A,21,2019-11-30T20:55:38.604737,21.06,3.292
Samsung INR21700-40T A,21,2019-11-30T20:55:39.212771,21.06,3.292
Samsung INR21700-40T A,21,2019-11-30T20:55:39.820800,21.06,3.292
Samsung INR21700-40T A,21,2019-11-30T20:55:40.428923,21.06,3.292
Samsung INR21700-40T A,21,2019-11-30T20:55:41.036853,21.06,3.292
Samsung INR21700-40T A,21,2019-11-30T20:55:41.638190,21.06,3.276
Samsung INR21700-40T A,21,2019-11-30T20:55:42.238331,21.06,3.276
Samsung INR21700-40T A,21,2019-11-30T20:55:42.845301,21.06,3.276
Samsung INR21700-40T A,21,2019-11-30T20:55:43.451148,21.06,3.276
Samsung INR21700-40T A,21,2019-11-30T20:55:44.057819,21.06,3.276
Samsung INR21700-40T A,21,2019-11-30T20:55:44.664240,21.06,3.276
Samsung INR21700-40T A,21,2019-11-30T20:55:45.271794,21.06,3.276
Samsung INR21700-40T A,21,2019-11-30T20:55:45.877778,21.06,3.276
Samsung INR21700-40T A,21,2019-11-30T20:55:46.483554,21.06,3.276
Samsung INR21700-40T A,21,2019-11-30T20:55:47.089504,21.06,3.276
Samsung INR21700-40T A,21,2019-11-30T20:55:47.695529,21.06,3.276
Samsung INR21700-40T A,21,2019-11-30T20:55:48.301669,21.06,3.276
Samsung INR21700-40T A,21,2019-11-30T20:55:48.908174,21.06,3.276
Samsung INR21700-40T A,21,2019-11-30T20:55:49.515671,21.06,3.276
Samsung INR21700-40T A,21,2019-11-30T20:55:50.129614,21.06,3.276
Samsung INR21700-40T A,21,2019-11-30T20:55:50.742782,21.06,3.276
Samsung INR21700-40T A,21,2019-11-30T20:55:51.348904,21.06,3.276
Samsung INR21700-40T A,21,2019-11-30T20:55:51.977944,21.06,3.276
Samsung INR21700-40T A,21,2019-11-30T20:55:52.583898,21.06,3.276
Samsung INR21700-40T A,21,2019-11-30T20:55:53.183582,21.06,3.276
Samsung INR21700-40T A,21,2019-11-30T20:55:53.789331,21.06,3.276
Samsung INR21700-40T A,21,2019-11-30T20:55:54.395214,21.06,3.276
Samsung INR21700-40T A,21,2019-11-30T20:55:55.001328,21.06,3.276
Samsung INR21700-40T A,21,2019-11-30T20:55:55.607831,21.06,3.259
Samsung INR21700-40T A,21,2019-11-30T20:55:56.214406,21.06,3.259
Samsung INR21700-40T A,21,2019-11-30T20:55:56.820642,21.06,3.259
Samsung INR21700-40T A,21,2019-11-30T20:55:57.427673,21.06,3.259
Samsung INR21700-40T A,21,2019-11-30T20:55:58.034177,21.06,3.259
Samsung INR21700-40T A,21,2019-11-30T20:55:58.647914,21.06,3.259
Samsung INR21700-40T A,21,2019-11-30T20:55:59.254202,21.06,3.259
Samsung INR21700-40T A,21,2019-11-30T20:55:59.860401,21.06,3.259
Samsung INR21700-40T A,21,2019-11-30T20:56:00.466331,21.06,3.259
Samsung INR21700-40T A,21,2019-11-30T20:56:01.080411,21.06,3.259
Samsung INR21700-40T A,21,2019-11-30T20:56:01.686176,21.06,3.259
Samsung INR21700-40T A,21,2019-11-30T20:56:02.299734,21.06,3.259
Samsung INR21700-40T A,21,2019-11-30T20:56:02.905289,21.06,3.259
Samsung INR21700-40T A,21,2019-11-30T20:56:03.513529,21.06,3.259
Samsung INR21700-40T A,21,2019-11-30T20:56:04.121604,21.06,3.259
Samsung INR21700-40T A,21,2019-11-30T20:56:04.729467,21.06,3.259
Samsung INR21700-40T A,21,2019-11-30T20:56:05.369100,21.06,3.259
Samsung INR21700-40T A,21,2019-11-30T20:56:05.977336,21.06,3.259
Samsung INR21700-40T A,21,2019-11-30T20:56:06.585449,21.06,3.259
Samsung INR21700-40T A,21,2019-11-30T20:56:07.193377,21.06,3.259
Samsung INR21700-40T A,21,2019-11-30T20:56:07.794460,21.06,3.259
Samsung INR21700-40T A,21,2019-11-30T20:56:08.402231,21.06,3.243
Samsung INR21700-40T A,21,2019-11-30T20:56:09.009293,21.06,3.243
Samsung INR21700-40T A,21,2019-11-30T20:56:09.617989,21.06,3.243
Samsung INR21700-40T A,21,2019-11-30T20:56:10.225044,21.06,3.243
Samsung INR21700-40T A,21,2019-11-30T20:56:10.832604,21.06,3.243
Samsung INR21700-40T A,21,2019-11-30T20:56:11.439648,21.06,3.243
Samsung INR21700-40T A,21,2019-11-30T20:56:12.046545,21.06,3.243
Samsung INR21700-40T A,21,2019-11-30T20:56:12.653368,21.06,3.243
Samsung INR21700-40T A,21,2019-11-30T20:56:13.261763,21.06,3.243
Samsung INR21700-40T A,21,2019-11-30T20:56:13.868656,21.06,3.243
Samsung INR21700-40T A,21,2019-11-30T20:56:14.475967,21.06,3.243
Samsung INR21700-40T A,21,2019-11-30T20:56:15.083236,21.06,3.243
Samsung INR21700-40T A,21,2019-11-30T20:56:15.690463,21.06,3.243
Samsung INR21700-40T A,21,2019-11-30T20:56:16.297212,21.06,3.243
Samsung INR21700-40T A,21,2019-11-30T20:56:16.904232,21.06,3.243
Samsung INR21700-40T A,21,2019-11-30T20:56:17.512256,21.06,3.243
Samsung INR21700-40T A,21,2019-11-30T20:56:18.119279,21.06,3.243
Samsung INR21700-40T A,21,2019-11-30T20:56:18.757002,21.06,3.243
Samsung INR21700-40T A,21,2019-11-30T20:56:19.364599,21.06,3.243
Samsung INR21700-40T A,21,2019-11-30T20:56:19.971777,21.06,3.243
Samsung INR21700-40T A,21,2019-11-30T20:56:20.579293,21.06,3.243
Samsung INR21700-40T A,21,2019-11-30T20:56:21.188059,21.06,3.243
Samsung INR21700-40T A,21,2019-11-30T20:56:21.794870,21.06,3.243
Samsung INR21700-40T A,21,2019-11-30T20:56:22.401537,21.06,3.243
Samsung INR21700-40T A,21,2019-11-30T20:56:23.016776,21.06,3.226
Samsung INR21700-40T A,21,2019-11-30T20:56:23.624850,21.06,3.226
Samsung INR21700-40T A,21,2019-11-30T20:56:24.232469,21.06,3.226
Samsung INR21700-40T A,21,2019-11-30T20:56:24.840344,21.06,3.226
Samsung INR21700-40T A,21,2019-11-30T20:56:25.450138,21.06,3.226
Samsung INR21700-40T A,21,2019-11-30T20:56:26.057964,21.06,3.226
Samsung INR21700-40T A,21,2019-11-30T20:56:26.664965,21.06,3.226
Samsung INR21700-40T A,21,2019-11-30T20:56:27.272316,21.06,3.226
Samsung INR21700-40T A,21,2019-11-30T20:56:27.880580,21.06,3.226
Samsung INR21700-40T A,21,2019-11-30T20:56:28.488553,21.06,3.226
Samsung INR21700-40T A,21,2019-11-30T20:56:29.097823,21.06,3.226
Samsung INR21700-40T A,21,2019-11-30T20:56:29.705794,21.06,3.226
Samsung INR21700-40T A,21,2019-11-30T20:56:30.314078,21.06,3.226
Samsung INR21700-40T A,21,2019-11-30T20:56:30.921698,21.06,3.226
Samsung INR21700-40T A,21,2019-11-30T20:56:31.530098,21.06,3.226
Samsung INR21700-40T A,21,2019-11-30T20:56:32.138267,21.06,3.226
Samsung INR21700-40T A,21,2019-11-30T20:56:32.746300,21.06,3.226
Samsung INR21700-40T A,21,2019-11-30T20:56:33.349082,21.06,3.226
Samsung INR21700-40T A,21,2019-11-30T20:56:33.957147,21.06,3.209
Samsung INR21700-40T A,21,2019-11-30T20:56:34.563964,21.06,3.209
Samsung INR21700-40T A,21,2019-11-30T20:56:35.171162,21.06,3.209
Samsung INR21700-40T A,21,2019-11-30T20:56:35.778212,21.06,3.209
Samsung INR21700-40T A,21,2019-11-30T20:56:36.384805,21.06,3.209
Samsung INR21700-40T A,21,2019-11-30T20:56:36.999481,21.06,3.209
Samsung INR21700-40T A,21,2019-11-30T20:56:37.606730,21.06,3.209
Samsung INR21700-40T A,21,2019-11-30T20:56:38.213675,21.06,3.209
Samsung INR21700-40T A,21,2019-11-30T20:56:38.820468,21.06,3.209
Samsung INR21700-40T A,21,2019-11-30T20:56:39.427498,21.06,3.209
Samsung INR21700-40T A,21,2019-11-30T20:56:40.034673,21.06,3.209
Samsung INR21700-40T A,21,2019-11-30T20:56:40.641675,21.06,3.209
Samsung INR21700-40T A,21,2019-11-30T20:56:41.249862,21.06,3.209
Samsung INR21700-40T A,21,2019-11-30T20:56:41.856792,21.06,3.209
Samsung INR21700-40T A,21,2019-11-30T20:56:42.463677,21.06,3.209
Samsung INR21700-40T A,21,2019-11-30T20:56:43.070812,21.06,3.209
Samsung INR21700-40T A,21,2019-11-30T20:56:43.677929,21.06,3.209
Samsung INR21700-40T A,21,2019-11-30T20:56:44.286370,21.06,3.209
Samsung INR21700-40T A,21,2019-11-30T20:56:44.893502,21.06,3.209
Samsung INR21700-40T A,21,2019-11-30T20:56:45.494627,21.06,3.209
Samsung INR21700-40T A,21,2019-11-30T20:56:46.094500,21.06,3.209
Samsung INR21700-40T A,21,2019-11-30T20:56:46.701490,21.06,3.209
Samsung INR21700-40T A,21,2019-11-30T20:56:47.308935,21.06,3.193
Samsung INR21700-40T A,21,2019-11-30T20:56:47.915298,21.06,3.193
Samsung INR21700-40T A,21,2019-11-30T20:56:48.515187,21.06,3.193
Samsung INR21700-40T A,21,2019-11-30T20:56:49.122140,21.06,3.193
Samsung INR21700-40T A,21,2019-11-30T20:56:49.735384,21.06,3.193
Samsung INR21700-40T A,21,2019-11-30T20:56:50.340865,21.06,3.193
Samsung INR21700-40T A,21,2019-11-30T20:56:50.947016,21.06,3.193
Samsung INR21700-40T A,21,2019-11-30T20:56:51.553065,21.06,3.193
Samsung INR21700-40T A,21,2019-11-30T20:56:52.159631,21.06,3.193
Samsung INR21700-40T A,21,2019-11-30T20:56:52.765257,21.06,3.193
Samsung INR21700-40T A,21,2019-11-30T20:56:53.372698,21.06,3.193
Samsung INR21700-40T A,21,2019-11-30T20:56:53.986411,21.06,3.193
Samsung INR21700-40T A,21,2019-11-30T20:56:54.600431,21.06,3.193
Samsung INR21700-40T A,21,2019-11-30T20:56:55.206328,21.06,3.193
Samsung INR21700-40T A,21,2019-11-30T20:56:55.812442,21.06,3.193
Samsung INR21700-40T A,21,2019-11-30T20:56:56.418472,21.06,3.193
Samsung INR21700-40T A,21,2019-11-30T20:56:57.041269,21.06,3.193
Samsung INR21700-40T A,21,2019-11-30T20:56:57.654228,21.06,3.193
Samsung INR21700-40T A,21,2019-11-30T20:56:58.267335,21.06,3.193
Samsung INR21700-40T A,21,2019-11-30T20:56:58.873347,21.06,3.193
Samsung INR21700-40T A,21,2019-11-30T20:56:59.479463,21.06,3.193
Samsung INR21700-40T A,21,2019-11-30T20:57:00.085665,21.06,3.176
Samsung INR21700-40T A,21,2019-11-30T20:57:00.690685,21.06,3.176
Samsung INR21700-40T A,21,2019-11-30T20:57:01.297402,21.06,3.176
Samsung INR21700-40T A,21,2019-11-30T20:57:01.902703,21.06,3.176
Samsung INR21700-40T A,21,2019-11-30T20:57:02.508277,21.06,3.176
Samsung INR21700-40T A,21,2019-11-30T20:57:03.114084,21.06,3.176
Samsung INR21700-40T A,21,2019-11-30T20:57:03.726003,21.06,3.176
Samsung INR21700-40T A,21,2019-11-30T20:57:04.331027,21.06,3.176
Samsung INR21700-40T A,21,2019-11-30T20:57:04.937632,21.06,3.176
Samsung INR21700-40T A,21,2019-11-30T20:57:05.542582,21.06,3.176
Samsung INR21700-40T A,21,2019-11-30T20:57:06.147967,21.06,3.176
Samsung INR21700-40T A,21,2019-11-30T20:57:06.760709,21.06,3.176
Samsung INR21700-40T A,21,2019-11-30T20:57:07.365706,21.06,3.176
Samsung INR21700-40T A,21,2019-11-30T20:57:07.978761,21.06,3.176
Samsung INR21700-40T A,21,2019-11-30T20:57:08.583824,21.06,3.176
Samsung INR21700-40T A,21,2019-11-30T20:57:09.190306,21.06,3.176
Samsung INR21700-40T A,21,2019-11-30T20:57:09.803003,21.06,3.176
Samsung INR21700-40T A,21,2019-11-30T20:57:10.408643,21.06,3.176
Samsung INR21700-40T A,21,2019-11-30T20:57:11.013860,21.06,3.176
Samsung INR21700-40T A,21,2019-11-30T20:57:11.626296,21.06,3.176
Samsung INR21700-40T A,21,2019-11-30T20:57:12.262347,21.06,3.16
Samsung INR21700-40T A,21,2019-11-30T20:57:12.878324,21.06,3.16
Samsung INR21700-40T A,21,2019-11-30T20:57:13.485273,21.06,3.16
Samsung INR21700-40T A,21,2019-11-30T20:57:14.092533,21.06,3.16
Samsung INR21700-40T A,21,2019-11-30T20:57:14.699518,21.06,3.16
Samsung INR21700-40T A,21,2019-11-30T20:57:15.306735,21.06,3.16
Samsung INR21700-40T A,21,2019-11-30T20:57:15.913651,21.06,3.16
Samsung INR21700-40T A,21,2019-11-30T20:57:16.520481,21.06,3.16
Samsung INR21700-40T A,21,2019-11-30T20:57:17.128192,21.06,3.16
Samsung INR21700-40T A,21,2019-11-30T20:57:17.735589,21.06,3.16
Samsung INR21700-40T A,21,2019-11-30T20:57:18.342451,21.06,3.16
Samsung INR21700-40T A,21,2019-11-30T20:57:18.956467,21.06,3.16
Samsung INR21700-40T A,21,2019-11-30T20:57:19.578474,21.06,3.16
Samsung INR21700-40T A,21,2019-11-30T20:57:20.185549,21.06,3.16
Samsung INR21700-40T A,21,2019-11-30T20:57:20.801556,21.06,3.16
Samsung INR21700-40T A,21,2019-11-30T20:57:21.408986,21.06,3.16
Samsung INR21700-40T A,21,2019-11-30T20:57:22.024071,21.06,3.16
Samsung INR21700-40T A,21,2019-11-30T20:57:22.639334,21.06,3.16
Samsung INR21700-40T A,21,2019-11-30T20:57:23.254145,21.06,3.16
Samsung INR21700-40T A,21,2019-11-30T20:57:23.868215,21.06,3.143
Samsung INR21700-40T A,21,2019-11-30T20:57:24.481645,21.06,3.143
Samsung INR21700-40T A,21,2019-11-30T20:57:25.088837,21.06,3.143
Samsung INR21700-40T A,21,2019-11-30T20:57:25.694821,21.06,3.143
Samsung INR21700-40T A,21,2019-11-30T20:57:26.308638,21.06,3.143
Samsung INR21700-40T A,21,2019-11-30T20:57:26.921558,21.06,3.143
Samsung INR21700-40T A,21,2019-11-30T20:57:27.527932,21.06,3.143
Samsung INR21700-40T A,21,2019-11-30T20:57:28.133848,21.06,3.143
Samsung INR21700-40T A,21,2019-11-30T20:57:28.749175,21.06,3.143
Samsung INR21700-40T A,21,2019-11-30T20:57:29.362710,21.06,3.143
Samsung INR21700-40T A,21,2019-11-30T20:57:29.968911,21.06,3.143
Samsung INR21700-40T A,21,2019-11-30T20:57:30.582192,21.06,3.143
Samsung INR21700-40T A,21,2019-11-30T20:57:31.189154,21.06,3.143
Samsung INR21700-40T A,21,2019-11-30T20:57:31.796753,21.06,3.143
Samsung INR21700-40T A,21,2019-11-30T20:57:32.403870,21.06,3.143
Samsung INR21700-40T A,21,2019-11-30T20:57:33.011934,21.06,3.143
Samsung INR21700-40T A,21,2019-11-30T20:57:33.618608,21.06,3.143
Samsung INR21700-40T A,21,2019-11-30T20:57:34.234481,21.06,3.126
Samsung INR21700-40T A,21,2019-11-30T20:57:34.840988,21.06,3.126
Samsung INR21700-40T A,21,2019-11-30T20:57:35.455717,21.06,3.126
Samsung INR21700-40T A,21,2019-11-30T20:57:36.070135,21.06,3.126
Samsung INR21700-40T A,21,2019-11-30T20:57:36.685952,21.06,3.126
Samsung INR21700-40T A,21,2019-11-30T20:57:37.293158,21.06,3.126
Samsung INR21700-40T A,21,2019-11-30T20:57:37.907701,21.06,3.126
Samsung INR21700-40T A,21,2019-11-30T20:57:38.514317,21.06,3.126
Samsung INR21700-40T A,21,2019-11-30T20:57:39.120563,21.06,3.126
Samsung INR21700-40T A,21,2019-11-30T20:57:39.734085,21.06,3.126
Samsung INR21700-40T A,21,2019-11-30T20:57:40.340411,21.06,3.126
Samsung INR21700-40T A,21,2019-11-30T20:57:40.948431,21.06,3.126
Samsung INR21700-40T A,21,2019-11-30T20:57:41.554232,21.06,3.126
Samsung INR21700-40T A,21,2019-11-30T20:57:42.160387,21.06,3.126
Samsung INR21700-40T A,21,2019-11-30T20:57:42.766580,21.06,3.126
Samsung INR21700-40T A,21,2019-11-30T20:57:43.379911,21.06,3.11
Samsung INR21700-40T A,21,2019-11-30T20:57:43.993223,21.06,3.11
Samsung INR21700-40T A,21,2019-11-30T20:57:44.605654,21.06,3.11
Samsung INR21700-40T A,21,2019-11-30T20:57:45.245875,21.06,3.11
Samsung INR21700-40T A,21,2019-11-30T20:57:45.877967,21.06,3.11
Samsung INR21700-40T A,21,2019-11-30T20:57:46.510219,21.06,3.11
Samsung INR21700-40T A,21,2019-11-30T20:57:47.150116,21.06,3.11
Samsung INR21700-40T A,21,2019-11-30T20:57:47.783023,21.06,3.11
Samsung INR21700-40T A,21,2019-11-30T20:57:48.415425,21.06,3.11
Samsung INR21700-40T A,21,2019-11-30T20:57:49.049487,21.06,3.11
Samsung INR21700-40T A,21,2019-11-30T20:57:49.682229,21.06,3.11
Samsung INR21700-40T A,21,2019-11-30T20:57:50.314774,21.06,3.11
Samsung INR21700-40T A,21,2019-11-30T20:57:50.947070,21.06,3.11
Samsung INR21700-40T A,21,2019-11-30T20:57:51.579607,21.06,3.11
Samsung INR21700-40T A,21,2019-11-30T20:57:52.212462,21.06,3.11
Samsung INR21700-40T A,21,2019-11-30T20:57:52.880367,21.06,3.093
Samsung INR21700-40T A,21,2019-11-30T20:57:53.495003,21.06,3.093
Samsung INR21700-40T A,21,2019-11-30T20:57:54.102314,21.06,3.093
Samsung INR21700-40T A,21,2019-11-30T20:57:54.716499,21.06,3.093
Samsung INR21700-40T A,21,2019-11-30T20:57:55.323683,21.06,3.093
Samsung INR21700-40T A,21,2019-11-30T20:57:55.930571,21.06,3.093
Samsung INR21700-40T A,21,2019-11-30T20:57:56.537267,21.06,3.093
Samsung INR21700-40T A,21,2019-11-30T20:57:57.145794,21.06,3.093
Samsung INR21700-40T A,21,2019-11-30T20:57:57.759764,21.06,3.093
Samsung INR21700-40T A,21,2019-11-30T20:57:58.374321,21.06,3.093
Samsung INR21700-40T A,21,2019-11-30T20:57:58.981352,21.06,3.093
Samsung INR21700-40T A,21,2019-11-30T20:57:59.602868,21.06,3.077
Samsung INR21700-40T A,21,2019-11-30T20:58:00.209047,21.06,3.077
Samsung INR21700-40T A,21,2019-11-30T20:58:00.823306,21.06,3.077
Samsung INR21700-40T A,21,2019-11-30T20:58:01.429582,21.06,3.077
Samsung INR21700-40T A,21,2019-11-30T20:58:02.043336,21.06,3.077
Samsung INR21700-40T A,21,2019-11-30T20:58:02.649101,21.06,3.077
Samsung INR21700-40T A,21,2019-11-30T20:58:03.255623,21.06,3.077
Samsung INR21700-40T A,21,2019-11-30T20:58:03.861493,21.06,3.077
Samsung INR21700-40T A,21,2019-11-30T20:58:04.475058,21.06,3.077
Samsung INR21700-40T A,21,2019-11-30T20:58:05.089720,21.06,3.077
Samsung INR21700-40T A,21,2019-11-30T20:58:05.695801,21.06,3.077
Samsung INR21700-40T A,21,2019-11-30T20:58:06.309333,21.06,3.077
Samsung INR21700-40T A,21,2019-11-30T20:58:06.923636,21.06,3.06
Samsung INR21700-40T A,21,2019-11-30T20:58:07.529311,21.06,3.06
Samsung INR21700-40T A,21,2019-11-30T20:58:08.142713,21.06,3.06
Samsung INR21700-40T A,21,2019-11-30T20:58:08.750015,21.06,3.06
Samsung INR21700-40T A,21,2019-11-30T20:58:09.356107,21.06,3.06
Samsung INR21700-40T A,21,2019-11-30T20:58:09.969721,21.06,3.06
Samsung INR21700-40T A,21,2019-11-30T20:58:10.582640,21.06,3.06
Samsung INR21700-40T A,21,2019-11-30T20:58:11.195744,21.06,3.06
Samsung INR21700-40T A,21,2019-11-30T20:58:11.806716,21.06,3.06
Samsung INR21700-40T A,21,2019-11-30T20:58:12.418009,21.06,3.06
Samsung INR21700-40T A,21,2019-11-30T20:58:13.030992,21.06,3.06
Samsung INR21700-40T A,21,2019-11-30T20:58:13.642500,21.06,3.043
Samsung INR21700-40T A,21,2019-11-30T20:58:14.253382,21.06,3.043
Samsung INR21700-40T A,21,2019-11-30T20:58:14.864089,21.06,3.043
Samsung INR21700-40T A,21,2019-11-30T20:58:15.474049,21.06,3.043
Samsung INR21700-40T A,21,2019-11-30T20:58:16.084853,21.06,3.043
Samsung INR21700-40T A,21,2019-11-30T20:58:16.696856,21.06,3.043
Samsung INR21700-40T A,21,2019-11-30T20:58:17.306855,21.06,3.043
Samsung INR21700-40T A,21,2019-11-30T20:58:17.917895,21.06,3.043
Samsung INR21700-40T A,21,2019-11-30T20:58:18.528948,21.06,3.043
Samsung INR21700-40T A,21,2019-11-30T20:58:19.139395,21.06,3.043
Samsung INR21700-40T A,21,2019-11-30T20:58:19.749976,21.06,3.043
Samsung INR21700-40T A,21,2019-11-30T20:58:20.360274,21.06,3.043
Samsung INR21700-40T A,21,2019-11-30T20:58:20.983995,21.06,3.027
Samsung INR21700-40T A,21,2019-11-30T20:58:21.599352,21.06,3.027
Samsung INR21700-40T A,21,2019-11-30T20:58:22.207634,21.06,3.027
Samsung INR21700-40T A,21,2019-11-30T20:58:22.812961,21.06,3.027
Samsung INR21700-40T A,21,2019-11-30T20:58:23.422428,21.06,3.027
Samsung INR21700-40T A,21,2019-11-30T20:58:24.030767,21.06,3.027
Samsung INR21700-40T A,21,2019-11-30T20:58:24.640876,21.06,3.027
Samsung INR21700-40T A,21,2019-11-30T20:58:25.249794,21.06,3.027
Samsung INR21700-40T A,21,2019-11-30T20:58:25.865899,21.06,3.01
Samsung INR21700-40T A,21,2019-11-30T20:58:26.474234,21.06,3.01
Samsung INR21700-40T A,21,2019-11-30T20:58:27.082067,21.06,3.01
Samsung INR21700-40T A,21,2019-11-30T20:58:27.689815,21.06,3.01
Samsung INR21700-40T A,21,2019-11-30T20:58:28.297863,21.06,3.01
Samsung INR21700-40T A,21,2019-11-30T20:58:28.906639,21.06,3.01
Samsung INR21700-40T A,21,2019-11-30T20:58:29.514533,21.06,3.01
Samsung INR21700-40T A,21,2019-11-30T20:58:30.122278,21.06,3.01
Samsung INR21700-40T A,21,2019-11-30T20:58:30.730396,21.06,3.01
Samsung INR21700-40T A,21,2019-11-30T20:58:31.338546,21.06,3.01
Samsung INR21700-40T A,21,2019-11-30T20:58:31.954560,21.06,2.994
Samsung INR21700-40T A,21,2019-11-30T20:58:32.563484,21.06,2.994
Samsung INR21700-40T A,21,2019-11-30T20:58:33.171567,21.06,2.994
Samsung INR21700-40T A,21,2019-11-30T20:58:33.779507,21.06,2.994
Samsung INR21700-40T A,21,2019-11-30T20:58:34.394430,21.06,2.994
Samsung INR21700-40T A,21,2019-11-30T20:58:35.002482,21.06,2.994
Samsung INR21700-40T A,21,2019-11-30T20:58:35.618054,21.06,2.994
Samsung INR21700-40T A,21,2019-11-30T20:58:36.233924,21.06,2.994
Samsung INR21700-40T A,21,2019-11-30T20:58:36.850211,21.06,2.994
Samsung INR21700-40T A,21,2019-11-30T20:58:37.458247,21.06,2.977
Samsung INR21700-40T A,21,2019-11-30T20:58:38.065156,21.06,2.977
Samsung INR21700-40T A,21,2019-11-30T20:58:38.679285,21.06,2.977
Samsung INR21700-40T A,21,2019-11-30T20:58:39.293818,21.06,2.977
Samsung INR21700-40T A,21,2019-11-30T20:58:39.901275,21.06,2.977
Samsung INR21700-40T A,21,2019-11-30T20:58:40.543477,21.06,2.977
Samsung INR21700-40T A,21,2019-11-30T20:58:41.177512,21.06,2.977
Samsung INR21700-40T A,21,2019-11-30T20:58:41.811581,21.06,2.977
Samsung INR21700-40T A,21,2019-11-30T20:58:42.445349,21.06,2.977
Samsung INR21700-40T A,21,2019-11-30T20:58:43.079621,21.06,2.96
Samsung INR21700-40T A,21,2019-11-30T20:58:43.714359,21.06,2.96
Samsung INR21700-40T A,21,2019-11-30T20:58:44.349761,21.06,2.96
Samsung INR21700-40T A,21,2019-11-30T20:58:44.985917,21.06,2.96
Samsung INR21700-40T A,21,2019-11-30T20:58:45.619865,21.06,2.96
Samsung INR21700-40T A,21,2019-11-30T20:58:46.262719,21.06,2.96
Samsung INR21700-40T A,21,2019-11-30T20:58:46.904527,21.06,2.96
Samsung INR21700-40T A,21,2019-11-30T20:58:47.538599,21.06,2.944
Samsung INR21700-40T A,21,2019-11-30T20:58:48.171917,21.06,2.944
Samsung INR21700-40T A,21,2019-11-30T20:58:48.807071,21.06,2.944
Samsung INR21700-40T A,21,2019-11-30T20:58:49.440499,21.06,2.944
Samsung INR21700-40T A,21,2019-11-30T20:58:50.074873,21.06,2.944
Samsung INR21700-40T A,21,2019-11-30T20:58:50.719484,21.06,2.944
Samsung INR21700-40T A,21,2019-11-30T20:58:51.333357,21.06,2.944
Samsung INR21700-40T A,21,2019-11-30T20:58:51.940539,21.06,2.927
Samsung INR21700-40T A,21,2019-11-30T20:58:52.557243,21.06,2.927
Samsung INR21700-40T A,21,2019-11-30T20:58:53.164633,21.06,2.927
Samsung INR21700-40T A,21,2019-11-30T20:58:53.778497,21.06,2.927
Samsung INR21700-40T A,21,2019-11-30T20:58:54.392987,21.06,2.927
Samsung INR21700-40T A,21,2019-11-30T20:58:55.008320,21.06,2.927
Samsung INR21700-40T A,21,2019-11-30T20:58:55.622805,21.06,2.927
Samsung INR21700-40T A,21,2019-11-30T20:58:56.237270,21.06,2.927
Samsung INR21700-40T A,21,2019-11-30T20:58:56.846993,21.06,2.927
Samsung INR21700-40T A,21,2019-11-30T20:58:57.461158,21.06,2.911
Samsung INR21700-40T A,21,2019-11-30T20:58:58.075306,21.06,2.911
Samsung INR21700-40T A,21,2019-11-30T20:58:58.682330,21.06,2.911
Samsung INR21700-40T A,21,2019-11-30T20:58:59.297162,21.06,2.911
Samsung INR21700-40T A,21,2019-11-30T20:58:59.911056,21.06,2.911
Samsung INR21700-40T A,21,2019-11-30T20:59:00.527259,21.06,2.911
Samsung INR21700-40T A,21,2019-11-30T20:59:01.141958,21.06,2.911
Samsung INR21700-40T A,21,2019-11-30T20:59:01.757847,21.06,2.894
Samsung INR21700-40T A,21,2019-11-30T20:59:02.366801,21.06,2.894
Samsung INR21700-40T A,21,2019-11-30T20:59:02.975864,21.06,2.894
Samsung INR21700-40T A,21,2019-11-30T20:59:03.584676,21.06,2.894
Samsung INR21700-40T A,21,2019-11-30T20:59:04.200773,21.06,2.894
Samsung INR21700-40T A,21,2019-11-30T20:59:04.814260,21.06,2.894
Samsung INR21700-40T A,21,2019-11-30T20:59:05.429931,21.06,2.894
Samsung INR21700-40T A,21,2019-11-30T20:59:06.045096,21.06,2.894
Samsung INR21700-40T A,21,2019-11-30T20:59:06.660606,21.06,2.877
Samsung INR21700-40T A,21,2019-11-30T20:59:07.274842,21.06,2.877
Samsung INR21700-40T A,21,2019-11-30T20:59:07.889631,21.06,2.877
Samsung INR21700-40T A,21,2019-11-30T20:59:08.505590,21.06,2.877
Samsung INR21700-40T A,21,2019-11-30T20:59:09.120350,21.06,2.877
Samsung INR21700-40T A,21,2019-11-30T20:59:09.736196,21.06,2.877
Samsung INR21700-40T A,21,2019-11-30T20:59:10.351353,21.06,2.877
Samsung INR21700-40T A,21,2019-11-30T20:59:10.959941,21.06,2.861
Samsung INR21700-40T A,21,2019-11-30T20:59:11.575524,21.06,2.861
Samsung INR21700-40T A,21,2019-11-30T20:59:12.217661,21.06,2.861
Samsung INR21700-40T A,21,2019-11-30T20:59:12.853514,21.06,2.861
Samsung INR21700-40T A,21,2019-11-30T20:59:13.496104,21.06,2.861
Samsung INR21700-40T A,21,2019-11-30T20:59:14.138335,21.06,2.861
Samsung INR21700-40T A,21,2019-11-30T20:59:14.783336,21.06,2.861
Samsung INR21700-40T A,21,2019-11-30T20:59:15.391223,21.06,2.844
Samsung INR21700-40T A,21,2019-11-30T20:59:16.005046,21.06,2.844
Samsung INR21700-40T A,21,2019-11-30T20:59:16.621067,21.06,2.844
Samsung INR21700-40T A,21,2019-11-30T20:59:17.235349,21.06,2.844
Samsung INR21700-40T A,21,2019-11-30T20:59:17.849707,21.06,2.844
Samsung INR21700-40T A,21,2019-11-30T20:59:18.464055,21.06,2.844
Samsung INR21700-40T A,21,2019-11-30T20:59:19.078671,21.06,2.844
Samsung INR21700-40T A,21,2019-11-30T20:59:19.694279,21.06,2.828
Samsung INR21700-40T A,21,2019-11-30T20:59:20.317683,21.06,2.828
Samsung INR21700-40T A,21,2019-11-30T20:59:20.933057,21.06,2.828
Samsung INR21700-40T A,21,2019-11-30T20:59:21.540738,21.06,2.828
Samsung INR21700-40T A,21,2019-11-30T20:59:22.156002,21.06,2.828
Samsung INR21700-40T A,21,2019-11-30T20:59:22.771538,21.06,2.828
Samsung INR21700-40T A,21,2019-11-30T20:59:23.387901,21.06,2.811
Samsung INR21700-40T A,21,2019-11-30T20:59:24.002815,21.06,2.811
Samsung INR21700-40T A,21,2019-11-30T20:59:24.612473,21.06,2.811
Samsung INR21700-40T A,21,2019-11-30T20:59:25.228236,21.06,2.811
Samsung INR21700-40T A,21,2019-11-30T20:59:25.843596,21.06,2.811
Samsung INR21700-40T A,21,2019-11-30T20:59:26.458505,21.06,2.811
Samsung INR21700-40T A,21,2019-11-30T20:59:27.074130,21.06,2.794
Samsung INR21700-40T A,21,2019-11-30T20:59:27.689894,21.06,2.794
Samsung INR21700-40T A,21,2019-11-30T20:59:28.314509,21.06,2.794
Samsung INR21700-40T A,21,2019-11-30T20:59:28.929784,21.06,2.794
Samsung INR21700-40T A,21,2019-11-30T20:59:29.544847,21.06,2.794
Samsung INR21700-40T A,21,2019-11-30T20:59:30.160401,21.06,2.794
Samsung INR21700-40T A,21,2019-11-30T20:59:30.775583,21.06,2.778
Samsung INR21700-40T A,21,2019-11-30T20:59:31.417093,21.06,2.778
Samsung INR21700-40T A,21,2019-11-30T20:59:32.049809,21.06,2.778
Samsung INR21700-40T A,21,2019-11-30T20:59:32.689161,21.06,2.778
Samsung INR21700-40T A,21,2019-11-30T20:59:33.326054,21.06,2.778
Samsung INR21700-40T A,21,2019-11-30T20:59:33.963294,21.06,2.778
Samsung INR21700-40T A,21,2019-11-30T20:59:34.627317,21.06,2.761
Samsung INR21700-40T A,21,2019-11-30T20:59:35.240371,21.06,2.761
Samsung INR21700-40T A,21,2019-11-30T20:59:35.854379,21.06,2.761
Samsung INR21700-40T A,21,2019-11-30T20:59:36.468832,21.06,2.761
Samsung INR21700-40T A,21,2019-11-30T20:59:37.074873,21.06,2.761
Samsung INR21700-40T A,21,2019-11-30T20:59:37.688069,21.06,2.761
Samsung INR21700-40T A,21,2019-11-30T20:59:38.301582,21.06,2.745
Samsung INR21700-40T A,21,2019-11-30T20:59:38.913888,21.06,2.745
Samsung INR21700-40T A,21,2019-11-30T20:59:39.534481,21.06,2.745
Samsung INR21700-40T A,21,2019-11-30T20:59:40.146451,21.06,2.745
Samsung INR21700-40T A,21,2019-11-30T20:59:40.760247,21.06,2.745
Samsung INR21700-40T A,21,2019-11-30T20:59:41.372526,21.06,2.728
Samsung INR21700-40T A,21,2019-11-30T20:59:41.985134,21.06,2.728
Samsung INR21700-40T A,21,2019-11-30T20:59:42.598155,21.06,2.728
Samsung INR21700-40T A,21,2019-11-30T20:59:43.204526,21.06,2.728
Samsung INR21700-40T A,21,2019-11-30T20:59:43.810698,21.06,2.728
Samsung INR21700-40T A,21,2019-11-30T20:59:44.425369,21.06,2.711
Samsung INR21700-40T A,21,2019-11-30T20:59:45.045350,21.06,2.711
Samsung INR21700-40T A,21,2019-11-30T20:59:45.657631,21.06,2.711
Samsung INR21700-40T A,21,2019-11-30T20:59:46.270630,21.06,2.711
Samsung INR21700-40T A,21,2019-11-30T20:59:46.882488,21.06,2.711
Samsung INR21700-40T A,21,2019-11-30T20:59:47.495233,21.06,2.695
Samsung INR21700-40T A,21,2019-11-30T20:59:48.109024,21.06,2.695
Samsung INR21700-40T A,21,2019-11-30T20:59:48.723876,21.06,2.695
Samsung INR21700-40T A,21,2019-11-30T20:59:49.337846,21.06,2.695
Samsung INR21700-40T A,21,2019-11-30T20:59:49.950445,21.06,2.678
Samsung INR21700-40T A,21,2019-11-30T20:59:50.564604,21.06,2.678
Samsung INR21700-40T A,21,2019-11-30T20:59:51.177556,21.06,2.678
Samsung INR21700-40T A,21,2019-11-30T20:59:51.791355,21.06,2.678
Samsung INR21700-40T A,21,2019-11-30T20:59:52.398302,21.06,2.678
Samsung INR21700-40T A,21,2019-11-30T20:59:53.012387,21.06,2.662
Samsung INR21700-40T A,21,2019-11-30T20:59:53.626187,21.06,2.662
Samsung INR21700-40T A,21,2019-11-30T20:59:54.238736,21.06,2.662
Samsung INR21700-40T A,21,2019-11-30T20:59:54.850975,21.06,2.662
Samsung INR21700-40T A,21,2019-11-30T20:59:55.463953,21.06,2.645
Samsung INR21700-40T A,21,2019-11-30T20:59:56.075704,21.06,2.645
Samsung INR21700-40T A,21,2019-11-30T20:59:56.689072,21.06,2.645
Samsung INR21700-40T A,21,2019-11-30T20:59:57.300216,21.06,2.645
Samsung INR21700-40T A,21,2019-11-30T20:59:57.913502,21.06,2.628
Samsung INR21700-40T A,21,2019-11-30T20:59:58.553801,21.06,2.628
Samsung INR21700-40T A,21,2019-11-30T20:59:59.194571,21.06,2.628
Samsung INR21700-40T A,21,2019-11-30T20:59:59.828585,21.06,2.628
Samsung INR21700-40T A,21,2019-11-30T21:00:00.463063,21.06,2.612
Samsung INR21700-40T A,21,2019-11-30T21:00:01.105936,21.06,2.612
Samsung INR21700-40T A,21,2019-11-30T21:00:01.719279,21.06,2.612
Samsung INR21700-40T A,21,2019-11-30T21:00:02.354868,21.06,2.595
Samsung INR21700-40T A,21,2019-11-30T21:00:02.968488,21.06,2.595
Samsung INR21700-40T A,21,2019-11-30T21:00:03.581627,21.06,2.595
Samsung INR21700-40T A,21,2019-11-30T21:00:04.196691,21.06,2.595
Samsung INR21700-40T A,21,2019-11-30T21:00:04.809606,21.06,2.579
Samsung INR21700-40T A,21,2019-11-30T21:00:05.421945,21.06,2.579
Samsung INR21700-40T A,21,2019-11-30T21:00:06.041759,21.06,2.579
Samsung INR21700-40T A,21,2019-11-30T21:00:06.655562,21.06,2.562
Samsung INR21700-40T A,21,2019-11-30T21:00:07.268862,21.06,2.562
Samsung INR21700-40T A,21,2019-11-30T21:00:07.882461,21.06,2.562
Samsung INR21700-40T A,21,2019-11-30T21:00:08.496696,21.06,2.545
Samsung INR21700-40T A,21,2019-11-30T21:00:09.110608,21.06,2.545
Samsung INR21700-40T A,21,2019-11-30T21:00:09.723751,21.06,2.529
Samsung INR21700-40T A,21,2019-11-30T21:00:10.330247,21.06,2.529
Samsung INR21700-40T A,21,2019-11-30T21:00:10.935976,21.06,2.529
Samsung INR21700-40T A,21,2019-11-30T21:00:11.542095,21.06,2.512
Samsung INR21700-40T A,21,2019-11-30T21:00:12.155869,21.06,2.512
Samsung INR21700-40T A,21,2019-11-30T21:00:12.768440,21.06,2.512
Samsung INR21700-40T A,21,2019-11-30T21:00:13.573523,0.07,2.711
Samsung INR21700-40T A,21,2019-11-30T21:00:14.221886,0.07,2.778
Samsung INR21700-40T A,21,2019-11-30T21:00:14.830834,0.07,2.794
Samsung INR21700-40T A,21,2019-11-30T21:00:15.440197,0.07,2.811
Samsung INR21700-40T A,21,2019-11-30T21:00:16.059554,0.07,2.828
